task_type,domain,input_language,privacy_requirement,hardware_available,hallucination_tolerance,determinism_needed,temperature_pref,output_style,best_model,score_GPT-4o,score_Gemini,score_Claude-2,score_Llama-3-70B,score_Deepseek
classification,general,multi,cloud,cpu,high,0,high,creative,Llama-3-70B,0.999,0.172,2.33,4.105,0.953
extraction,finance,pt,cloud,cpu,high,0,high,formal,Deepseek,0.153,2.016,0.353,4.206,4.409
extraction,finance,pt,cloud,consumer_gpu,low,0,high,factual,Gemini,0.407,4.107,2.748,2.617,2.655
generation,medical,pt,cloud,pro_gpu,low,0,medium,creative,Gemini,1.088,5.297,2.063,0.818,3.418
generation,medical,multi,cloud,cpu,medium,0,medium,creative,Gemini,1.193,3.655,1.714,2.015,3.391
extraction,medical,multi,local,pro_gpu,high,0,high,creative,Llama-3-70B,-0.278,0.27,0.575,5.38,4.642
classification,technical,pt,local,edge,low,0,medium,precise,Deepseek,-2.62,0.07,0.197,3.288,4.165
reasoning,technical,en,cloud,consumer_gpu,high,1,high,creative,GPT-4o,3.456,1.042,2.608,0.734,1.739
extraction,technical,pt,cloud,cpu,medium,1,medium,formal,Llama-3-70B,0.348,0.234,-1.323,3.74,3.504
generation,general,pt,local,pro_gpu,medium,1,low,formal,Deepseek,-0.844,1.208,-1.989,3.369,4.947
extraction,technical,en,cloud,consumer_gpu,high,1,low,precise,Deepseek,1.365,1.923,1.865,3.422,3.506
summarization,legal,multi,cloud,consumer_gpu,high,1,high,factual,Gemini,3.186,5.032,3.138,1.566,0.195
generation,legal,pt,cloud,cpu,low,0,low,formal,Gemini,-0.396,4.663,0.979,1.561,3.963
reasoning,ecommerce,pt,cloud,consumer_gpu,medium,1,high,creative,GPT-4o,3.971,0.986,1.701,1.072,1.571
classification,technical,multi,local,pro_gpu,medium,0,medium,factual,Llama-3-70B,-0.928,0.008,1.693,5.313,0.976
summarization,finance,pt,hybrid,pro_gpu,medium,0,high,creative,Gemini,3.864,4.517,0.94,2.318,2.602
generation,technical,multi,local,cpu,low,0,high,precise,Deepseek,-2.344,1.971,0.196,3.196,3.638
reasoning,general,pt,hybrid,pro_gpu,medium,0,low,formal,GPT-4o,2.9,1.183,1.566,1.694,1.903
extraction,general,pt,local,pro_gpu,high,0,low,factual,Llama-3-70B,-0.981,-0.106,-1.94,4.934,4.922
extraction,legal,en,cloud,consumer_gpu,low,0,high,precise,Gemini,0.207,4.259,4.252,3.001,2.953
reasoning,technical,multi,cloud,pro_gpu,medium,0,low,formal,Claude-2,2.717,0.916,2.931,0.84,-0.532
classification,medical,pt,cloud,cpu,low,0,low,creative,Llama-3-70B,0.481,3.077,3.235,3.852,2.485
summarization,general,pt,hybrid,cpu,low,1,high,factual,Gemini,1.316,3.895,0.412,2.593,2.062
summarization,ecommerce,pt,local,pro_gpu,high,1,low,factual,Llama-3-70B,1.36,1.993,-1.734,3.529,3.45
reasoning,legal,pt,cloud,consumer_gpu,medium,1,medium,creative,GPT-4o,3.858,2.318,3.281,1.22,2.317
classification,general,en,local,pro_gpu,low,0,low,formal,Llama-3-70B,-1.062,-0.198,1.887,4.52,2.399
extraction,finance,pt,cloud,consumer_gpu,low,0,medium,creative,Deepseek,0.89,3.514,1.788,3.095,3.516
classification,technical,multi,local,edge,low,0,medium,factual,Llama-3-70B,-2.19,-0.457,1.636,3.663,2.254
reasoning,legal,en,hybrid,cpu,low,1,medium,factual,Claude-2,1.745,3.661,5.079,2.637,2.652
generation,finance,multi,hybrid,edge,high,1,low,formal,Deepseek,0.456,3.553,1.536,1.704,4.659
generation,legal,pt,cloud,consumer_gpu,high,1,low,creative,Gemini,2.05,4.869,1.164,1.846,4.559
extraction,finance,multi,hybrid,consumer_gpu,low,0,low,creative,Gemini,1.057,3.873,3.595,3.562,3.131
extraction,general,multi,hybrid,consumer_gpu,high,0,high,creative,Llama-3-70B,1.505,1.157,1.232,3.636,3.193
extraction,general,en,local,consumer_gpu,medium,1,low,precise,Llama-3-70B,-0.617,0.164,0.379,5.251,5.149
summarization,medical,en,cloud,consumer_gpu,medium,1,low,creative,Gemini,3.822,4.637,2.785,1.868,2.555
reasoning,ecommerce,multi,hybrid,cpu,low,1,low,precise,Claude-2,2.165,2.203,4.491,2.347,1.444
classification,legal,en,cloud,consumer_gpu,high,1,high,creative,Claude-2,1.825,2.329,4.286,3.596,2.155
extraction,medical,multi,cloud,pro_gpu,medium,0,low,formal,Llama-3-70B,1.143,2.595,2.485,3.331,1.697
generation,medical,multi,cloud,consumer_gpu,high,1,high,factual,Gemini,0.911,5.371,3.243,1.251,2.035
generation,general,pt,local,pro_gpu,low,0,medium,formal,Deepseek,-1.423,1.823,-1.469,2.512,4.271
generation,legal,multi,cloud,pro_gpu,high,0,low,creative,Gemini,1.772,4.612,2.717,1.711,2.424
summarization,ecommerce,pt,local,consumer_gpu,low,1,low,creative,Deepseek,1.312,2.403,-1.097,2.903,4.271
generation,medical,pt,hybrid,cpu,low,0,medium,factual,Gemini,-0.186,5.627,2.091,2.73,4.537
extraction,technical,pt,hybrid,cpu,low,0,medium,creative,Deepseek,0.552,1.045,-0.347,4.003,4.816
summarization,technical,en,local,consumer_gpu,high,0,medium,formal,Deepseek,1.463,0.627,-0.863,2.677,2.906
classification,finance,pt,hybrid,cpu,medium,1,medium,formal,Llama-3-70B,0.418,1.713,1.984,4.957,3.236
summarization,general,multi,cloud,consumer_gpu,low,1,medium,factual,Gemini,2.354,4.743,2.709,0.37,-0.571
extraction,medical,pt,cloud,edge,low,1,low,creative,Deepseek,0.627,2.395,1.337,2.168,5.67
extraction,finance,en,local,consumer_gpu,high,0,medium,formal,Llama-3-70B,-1.159,0.477,0.601,5.673,5.26
generation,general,multi,cloud,consumer_gpu,high,0,medium,factual,Gemini,0.933,3.605,1.569,1.353,1.581
classification,technical,en,local,consumer_gpu,low,1,high,precise,Llama-3-70B,-1.752,0.884,3.124,4.706,2.196
reasoning,medical,en,local,consumer_gpu,low,1,high,factual,Claude-2,0.403,2.453,4.058,3.089,3.155
summarization,ecommerce,multi,cloud,consumer_gpu,low,1,medium,formal,Gemini,2.315,3.988,1.352,0.295,-1.051
reasoning,ecommerce,multi,local,consumer_gpu,medium,0,high,factual,Llama-3-70B,0.75,0.026,1.414,2.912,1.526
summarization,technical,pt,cloud,consumer_gpu,high,1,low,formal,GPT-4o,3.588,3.013,0.033,1.302,1.104
generation,legal,pt,cloud,cpu,medium,0,medium,factual,Gemini,0.292,4.44,0.78,2.314,4.223
extraction,legal,multi,local,consumer_gpu,low,0,high,creative,Llama-3-70B,-0.777,1.632,1.817,4.752,4.627
classification,finance,pt,cloud,edge,high,1,low,formal,Deepseek,-0.09,1.77,2.418,2.856,3.175
classification,finance,pt,local,consumer_gpu,high,1,medium,factual,Llama-3-70B,-1.042,1.101,1.582,5.67,3.571
extraction,finance,pt,local,consumer_gpu,medium,0,high,precise,Llama-3-70B,-1.139,1.38,-0.239,5.663,5.626
extraction,finance,multi,cloud,consumer_gpu,high,1,low,precise,Llama-3-70B,1.134,3.388,3.649,3.922,2.296
generation,medical,multi,cloud,cpu,medium,0,high,formal,Gemini,0.223,3.956,1.582,2.409,2.76
classification,finance,en,cloud,consumer_gpu,low,0,medium,factual,Claude-2,0.456,4.42,6.365,3.163,1.261
extraction,technical,pt,hybrid,pro_gpu,medium,1,low,precise,Llama-3-70B,1.304,2.136,0.438,4.165,4.074
generation,finance,en,cloud,pro_gpu,high,0,medium,formal,Gemini,1.019,4.619,2.336,1.918,3.299
generation,finance,en,cloud,consumer_gpu,high,1,high,formal,Gemini,0.757,4.732,2.658,1.625,3.626
reasoning,legal,multi,cloud,edge,high,0,low,factual,Claude-2,1.998,2.021,4.215,0.365,1.695
summarization,finance,pt,cloud,consumer_gpu,low,1,medium,precise,Gemini,2.471,6.035,2.636,1.083,0.887
reasoning,medical,en,cloud,cpu,low,0,medium,formal,Claude-2,1.536,2.749,4.749,1.699,1.706
classification,technical,pt,local,edge,low,0,high,formal,Deepseek,-2.454,-1.29,-0.781,3.356,3.957
summarization,legal,en,local,consumer_gpu,low,1,high,precise,Gemini,0.562,4.495,2.372,2.968,2.996
generation,legal,multi,local,pro_gpu,low,0,medium,creative,Deepseek,-1.001,3.496,1.442,3.065,4.035
extraction,general,en,cloud,edge,medium,1,high,formal,Deepseek,0.104,0.307,-0.022,2.08,4.638
classification,ecommerce,multi,local,cpu,high,1,high,creative,Llama-3-70B,-1.18,-1.755,0.203,5.82,2.845
extraction,general,en,cloud,consumer_gpu,low,1,low,factual,Claude-2,0.805,3.1,3.29,2.992,3.231
reasoning,general,en,hybrid,consumer_gpu,medium,0,medium,formal,Claude-2,2.847,1.174,3.037,2.238,1.638
extraction,technical,en,local,edge,medium,1,medium,precise,Deepseek,-2.168,-1.42,-1.725,3.895,6.348
generation,legal,pt,cloud,consumer_gpu,medium,1,medium,creative,Gemini,1.73,4.568,1.375,1.69,4.085
reasoning,medical,pt,cloud,consumer_gpu,medium,1,medium,precise,Claude-2,2.82,3.298,3.436,1.866,1.736
extraction,general,multi,hybrid,cpu,high,1,medium,formal,Llama-3-70B,0.106,-0.143,0.471,4.577,3.348
reasoning,technical,multi,cloud,pro_gpu,low,1,low,factual,Claude-2,2.481,2.88,5.001,0.809,-0.79
summarization,medical,multi,cloud,consumer_gpu,high,1,medium,precise,Gemini,3.125,4.986,3.172,1.524,0.103
generation,technical,en,cloud,consumer_gpu,low,0,medium,creative,Gemini,1.342,3.775,1.693,0.756,3.266
extraction,technical,pt,cloud,pro_gpu,medium,1,low,formal,Llama-3-70B,1.15,1.61,-0.177,3.536,3.314
generation,legal,en,cloud,cpu,high,0,medium,creative,Deepseek,1.312,4.051,1.65,2.494,5.129
classification,ecommerce,en,local,cpu,medium,0,low,precise,Llama-3-70B,-1.526,-1.293,1.037,6.012,3.448
reasoning,finance,en,cloud,edge,medium,1,low,creative,Deepseek,2.763,1.392,3.746,0.944,4.3
reasoning,finance,pt,cloud,consumer_gpu,low,0,high,precise,Gemini,2.515,4.526,4.424,0.659,0.989
classification,legal,pt,cloud,consumer_gpu,high,0,high,factual,Llama-3-70B,1.077,3.193,3.287,3.482,1.239
reasoning,finance,en,hybrid,edge,medium,0,high,creative,Deepseek,2.834,1.573,3.312,1.197,4.288
summarization,technical,pt,cloud,cpu,low,0,high,creative,Gemini,2.387,3.391,-0.497,1.401,1.894
summarization,general,en,cloud,consumer_gpu,medium,0,low,precise,Gemini,2.841,3.679,1.493,0.889,0.76
generation,technical,en,cloud,cpu,medium,0,medium,creative,Deepseek,1.293,2.207,0.06,1.843,4.478
extraction,legal,multi,cloud,consumer_gpu,low,0,low,formal,Claude-2,0.456,3.623,3.652,2.894,1.385
generation,ecommerce,multi,local,edge,medium,0,medium,precise,Deepseek,-2.055,0.24,-1.603,2.273,5.329
reasoning,medical,multi,cloud,consumer_gpu,high,0,medium,precise,Claude-2,2.95,3.315,5.262,2.116,0.224
extraction,medical,pt,cloud,edge,high,0,high,precise,Deepseek,-0.026,2.009,0.379,2.541,4.849
extraction,general,pt,cloud,consumer_gpu,medium,0,high,factual,Llama-3-70B,0.716,1.571,-0.016,3.337,3.176
reasoning,general,en,cloud,consumer_gpu,high,0,low,precise,Claude-2,2.998,1.996,3.715,0.828,1.305
reasoning,technical,en,cloud,edge,high,0,medium,creative,Deepseek,2.808,-0.207,1.962,-0.175,2.923
generation,medical,en,cloud,pro_gpu,high,0,high,factual,Gemini,1.185,5.582,2.92,1.613,3.37
reasoning,general,pt,cloud,consumer_gpu,medium,1,low,formal,GPT-4o,3.203,1.182,1.627,1.31,1.134
generation,ecommerce,pt,hybrid,consumer_gpu,high,1,low,creative,Deepseek,2.054,3.29,-0.248,1.918,4.685
extraction,legal,multi,cloud,consumer_gpu,high,1,low,formal,Llama-3-70B,1.451,2.9,2.604,3.82,2.45
classification,finance,pt,local,cpu,high,1,high,precise,Llama-3-70B,-2.134,0.509,0.767,6.414,4.147
reasoning,finance,en,cloud,consumer_gpu,medium,0,high,formal,Claude-2,2.639,2.174,4.51,1.552,1.319
classification,medical,en,cloud,pro_gpu,medium,0,medium,precise,Claude-2,1.128,2.868,5.187,3.258,1.37
extraction,ecommerce,multi,cloud,cpu,high,1,medium,precise,Llama-3-70B,0.209,0.728,0.823,4.001,2.185
extraction,ecommerce,en,cloud,consumer_gpu,low,0,high,factual,Claude-2,0.667,2.474,2.806,2.788,2.006
summarization,finance,pt,cloud,consumer_gpu,medium,1,high,formal,Gemini,2.841,4.615,0.959,1.574,1.379
reasoning,general,pt,cloud,consumer_gpu,low,1,low,factual,Claude-2,2.817,2.969,3.734,0.851,0.868
classification,technical,pt,cloud,consumer_gpu,low,0,medium,precise,Claude-2,0.418,2.602,3.113,2.579,0.416
generation,ecommerce,multi,cloud,cpu,medium,1,medium,factual,Gemini,0.258,3.315,1.074,1.735,2.54
extraction,general,multi,cloud,consumer_gpu,medium,0,high,creative,Llama-3-70B,1.618,0.592,0.798,2.626,2.13
reasoning,general,multi,local,cpu,low,1,low,creative,Llama-3-70B,0.704,-0.165,1.565,3.556,2.966
generation,general,en,cloud,consumer_gpu,low,1,high,formal,Gemini,0.058,4.047,2.154,0.204,2.729
summarization,legal,pt,local,consumer_gpu,high,0,medium,formal,Llama-3-70B,1.068,2.417,-0.873,3.954,3.536
summarization,finance,multi,cloud,consumer_gpu,low,1,medium,formal,Gemini,2.55,5.408,3.33,1.166,-0.671
classification,finance,en,hybrid,consumer_gpu,medium,1,medium,precise,Claude-2,1.014,3.104,5.296,4.367,2.508
summarization,finance,en,cloud,consumer_gpu,medium,1,high,precise,Gemini,2.898,5.146,3.004,1.411,1.575
classification,technical,en,cloud,consumer_gpu,high,0,high,factual,Claude-2,1.151,1.516,3.874,3.271,1.083
generation,legal,multi,local,cpu,low,1,high,formal,Deepseek,-1.925,2.545,0.451,3.444,4.599
classification,technical,multi,cloud,pro_gpu,low,1,high,formal,Claude-2,0.631,1.989,4.056,2.275,-0.511
classification,medical,en,local,cpu,low,1,high,precise,Llama-3-70B,-2.274,1.422,3.545,5.896,3.845
summarization,medical,en,hybrid,consumer_gpu,medium,0,medium,creative,Gemini,3.542,4.594,2.876,2.569,3.319
summarization,legal,multi,local,edge,high,1,low,factual,Deepseek,0.198,2.302,0.475,2.811,4.019
classification,medical,multi,cloud,consumer_gpu,high,1,high,factual,Claude-2,0.662,3.506,5.168,3.415,-0.202
generation,general,multi,cloud,cpu,high,1,high,formal,Gemini,-0.131,2.365,0.215,1.542,2.041
classification,technical,en,hybrid,consumer_gpu,medium,0,low,creative,Llama-3-70B,1.633,1.334,2.948,3.499,2.451
classification,medical,en,cloud,cpu,high,0,medium,factual,Claude-2,0.145,1.861,4.389,4.254,2.439
generation,technical,multi,local,consumer_gpu,high,0,medium,creative,Deepseek,0.07,1.225,-1.054,2.779,4.715
reasoning,ecommerce,en,hybrid,consumer_gpu,high,1,low,factual,Claude-2,3.312,2.003,3.995,2.14,2.071
reasoning,legal,en,cloud,consumer_gpu,high,1,low,factual,Claude-2,3.185,3.391,5.493,1.691,1.657
generation,legal,pt,hybrid,pro_gpu,low,0,high,creative,Gemini,1.221,5.449,2.301,1.27,4.718
classification,medical,pt,hybrid,pro_gpu,low,0,high,formal,Claude-2,0.749,3.085,3.931,3.726,1.518
extraction,legal,pt,cloud,cpu,high,0,medium,formal,Deepseek,0.044,1.478,0.55,4.487,4.554
summarization,ecommerce,en,local,cpu,low,0,low,precise,Llama-3-70B,-0.156,1.674,-0.205,3.398,3.056
summarization,ecommerce,en,cloud,consumer_gpu,low,1,high,creative,Gemini,3.343,3.952,1.925,0.642,1.289
classification,finance,en,local,consumer_gpu,low,1,high,formal,Llama-3-70B,-1.572,1.732,3.284,5.123,3.119
extraction,general,multi,local,pro_gpu,high,1,medium,creative,Llama-3-70B,-0.362,-0.935,-1.25,5.185,4.163
classification,finance,en,cloud,cpu,high,1,low,creative,Llama-3-70B,1.095,2.21,3.859,4.318,2.989
generation,ecommerce,pt,cloud,consumer_gpu,high,1,medium,precise,Gemini,1.121,3.444,0.551,0.584,3.339
reasoning,ecommerce,multi,cloud,pro_gpu,low,0,medium,factual,Claude-2,2.542,2.681,4.591,0.58,-1.008
summarization,finance,en,local,consumer_gpu,high,0,medium,factual,Deepseek,1.221,3.223,1.23,3.427,3.489
generation,technical,en,cloud,cpu,medium,0,low,creative,Deepseek,0.962,1.858,-0.07,1.949,4.534
classification,finance,pt,local,consumer_gpu,low,0,high,precise,Llama-3-70B,-1.537,2.204,2.77,4.892,2.844
classification,finance,en,hybrid,edge,medium,0,medium,precise,Claude-2,0.039,2.004,4.282,2.959,4.006
generation,general,multi,cloud,cpu,medium,0,low,precise,Gemini,0.295,2.951,1.097,2.133,2.503
extraction,medical,pt,local,consumer_gpu,medium,0,high,precise,Deepseek,-1.368,0.944,-0.425,5.505,5.604
classification,legal,en,local,consumer_gpu,medium,1,low,formal,Llama-3-70B,-0.845,0.837,2.649,5.678,3.519
summarization,ecommerce,multi,cloud,cpu,high,0,low,formal,GPT-4o,2.015,1.93,0.005,2.011,0.11
reasoning,finance,en,cloud,consumer_gpu,high,1,high,creative,Claude-2,4.226,2.599,4.537,1.328,2.34
classification,legal,pt,local,cpu,low,1,medium,factual,Llama-3-70B,-2.415,1.424,2.412,5.781,4.03
reasoning,ecommerce,en,cloud,cpu,high,0,medium,factual,Claude-2,2.059,0.893,3.254,1.675,2.162
classification,medical,multi,local,consumer_gpu,high,1,low,formal,Llama-3-70B,-0.558,0.688,2.926,5.995,2.424
reasoning,ecommerce,pt,cloud,consumer_gpu,low,0,medium,precise,Claude-2,2.186,2.555,3.15,0.485,0.624
generation,general,pt,cloud,consumer_gpu,low,1,high,formal,Gemini,0.536,3.733,0.576,0.622,2.612
extraction,ecommerce,multi,local,cpu,high,0,medium,creative,Llama-3-70B,-0.884,-1.633,-1.708,5.786,4.668
reasoning,general,en,cloud,consumer_gpu,high,1,medium,creative,GPT-4o,3.786,1.042,3.054,0.745,1.484
reasoning,general,en,cloud,edge,medium,1,low,factual,Claude-2,2.511,0.992,3.136,0.306,2.806
classification,legal,en,cloud,consumer_gpu,medium,1,high,precise,Claude-2,1.188,3.097,5.219,3.408,1.413
summarization,medical,pt,cloud,consumer_gpu,high,0,medium,precise,Gemini,2.938,5.244,1.604,1.751,1.321
summarization,legal,pt,cloud,cpu,high,0,high,creative,Gemini,2.863,3.612,0.489,2.339,3.206
summarization,technical,en,cloud,consumer_gpu,high,1,high,precise,Gemini,2.703,3.753,1.878,1.016,1.213
generation,legal,en,cloud,consumer_gpu,medium,1,high,creative,Gemini,1.597,4.782,2.96,1.427,4.111
generation,ecommerce,pt,cloud,consumer_gpu,low,1,medium,creative,Gemini,1.491,4.316,0.395,0.416,3.144
classification,ecommerce,multi,cloud,consumer_gpu,high,0,medium,formal,Llama-3-70B,0.731,0.816,2.799,2.846,-0.507
generation,ecommerce,en,cloud,edge,medium,0,medium,creative,Deepseek,0.747,2.31,-0.2,0.197,5.157
extraction,technical,pt,cloud,pro_gpu,medium,0,medium,precise,Llama-3-70B,0.99,1.835,-0.025,3.076,3.033
generation,finance,en,local,consumer_gpu,low,1,low,precise,Deepseek,-1.102,4.558,2.991,3.172,5.194
classification,ecommerce,multi,cloud,consumer_gpu,high,0,medium,creative,Llama-3-70B,1.575,0.889,2.873,3.238,0.484
extraction,technical,pt,hybrid,consumer_gpu,high,1,low,creative,Deepseek,1.886,1.134,-0.106,3.99,4.927
generation,ecommerce,en,local,consumer_gpu,low,0,high,factual,Deepseek,-1.459,2.397,1.01,2.859,4.377
extraction,medical,pt,cloud,cpu,low,1,medium,formal,Deepseek,-0.378,2.757,1.267,3.932,4.202
summarization,legal,pt,cloud,pro_gpu,low,0,high,precise,Gemini,2.465,6.04,2.424,0.854,0.993
extraction,legal,multi,cloud,cpu,high,0,high,factual,Llama-3-70B,0.559,2.296,2.445,4.297,3.038
classification,finance,en,local,cpu,medium,1,high,factual,Llama-3-70B,-1.295,0.294,2.302,6.509,4.436
summarization,ecommerce,pt,cloud,pro_gpu,medium,0,medium,factual,Gemini,3.369,3.817,0.128,1.118,1.222
reasoning,medical,en,cloud,consumer_gpu,low,0,high,formal,Claude-2,2.664,3.601,5.713,1.234,1.276
generation,general,multi,cloud,consumer_gpu,low,0,medium,creative,Gemini,1.33,3.967,2.029,0.741,1.537
summarization,medical,en,hybrid,cpu,medium,0,low,factual,Gemini,2.274,4.321,2.406,3.356,3.138
generation,general,en,cloud,consumer_gpu,low,1,low,precise,Gemini,0.809,4.728,3.149,0.929,3.233
summarization,general,en,hybrid,pro_gpu,high,1,low,formal,Gemini,3.238,3.344,1.35,2.415,2.081
classification,medical,en,local,cpu,high,1,medium,creative,Llama-3-70B,-1.044,-0.178,1.737,6.211,5.039
classification,general,en,cloud,cpu,high,1,low,precise,Llama-3-70B,0.715,0.995,3.227,3.96,2.339
summarization,medical,pt,cloud,consumer_gpu,high,1,low,creative,Gemini,3.695,4.688,1.375,2.113,2.487
reasoning,ecommerce,multi,cloud,consumer_gpu,low,0,medium,factual,Claude-2,2.389,3.076,4.41,0.06,-0.912
classification,ecommerce,en,cloud,consumer_gpu,high,0,high,precise,Claude-2,0.9,1.496,3.842,3.049,0.887
classification,ecommerce,multi,cloud,edge,high,0,medium,factual,Claude-2,-0.256,0.874,2.83,1.98,1.369
classification,technical,en,hybrid,consumer_gpu,low,1,low,precise,Claude-2,0.586,2.695,4.862,3.591,1.649
summarization,technical,multi,local,pro_gpu,high,1,low,creative,Llama-3-70B,1.952,1.37,-0.95,3.589,2.484
generation,ecommerce,en,local,cpu,high,1,high,factual,Deepseek,-1.577,0.969,-1.009,3.914,5.89
summarization,legal,pt,local,edge,low,1,low,creative,Deepseek,0.629,3.066,-0.661,2.442,5.482
summarization,general,en,hybrid,consumer_gpu,high,1,medium,creative,GPT-4o,3.988,2.865,1.36,1.792,2.214
summarization,medical,en,hybrid,cpu,high,1,medium,creative,Deepseek,2.926,3.564,1.868,2.969,3.711
generation,finance,en,local,pro_gpu,medium,1,low,factual,Deepseek,-1.078,3.41,1.015,3.483,5.952
reasoning,medical,multi,cloud,cpu,medium,0,medium,formal,Claude-2,2.357,1.785,3.507,2.29,0.799
extraction,medical,en,cloud,consumer_gpu,medium,1,medium,factual,Deepseek,0.768,3.501,3.375,3.456,3.505
summarization,technical,en,cloud,cpu,medium,1,medium,creative,GPT-4o,2.942,1.792,0.151,1.664,2.3
classification,technical,multi,cloud,consumer_gpu,high,0,low,formal,Claude-2,0.944,1.36,3.128,2.886,-0.385
extraction,technical,en,cloud,cpu,high,1,medium,factual,Deepseek,0.48,1.085,0.912,3.671,3.94
extraction,general,multi,cloud,consumer_gpu,medium,1,medium,creative,Llama-3-70B,1.779,1.179,1.127,3.21,2.093
extraction,legal,multi,cloud,consumer_gpu,medium,0,low,creative,Llama-3-70B,1.963,2.54,2.915,3.362,3.047
summarization,finance,multi,cloud,consumer_gpu,medium,1,high,factual,Gemini,3.04,5.07,3.103,1.436,0.085
summarization,ecommerce,en,local,edge,low,0,low,creative,Deepseek,0.305,0.885,-1.005,1.928,5.046
reasoning,legal,multi,cloud,cpu,high,1,high,precise,Claude-2,2.287,2.408,4.424,2.423,0.595
classification,ecommerce,multi,cloud,consumer_gpu,low,0,medium,formal,Claude-2,0.449,1.666,4.08,2.629,-1.097
classification,legal,pt,cloud,consumer_gpu,medium,1,medium,formal,Llama-3-70B,1.315,2.255,2.707,3.545,1.709
extraction,general,pt,cloud,edge,high,1,high,factual,Deepseek,0.337,0.608,-0.584,1.992,4.465
reasoning,ecommerce,pt,cloud,consumer_gpu,low,1,medium,precise,Claude-2,2.677,2.83,2.885,0.795,0.776
summarization,ecommerce,multi,cloud,pro_gpu,low,1,high,creative,Gemini,3.075,4.079,2.099,0.552,-0.41
classification,ecommerce,pt,cloud,cpu,high,0,medium,precise,Llama-3-70B,0.066,0.895,1.635,3.909,1.726
classification,medical,pt,local,consumer_gpu,low,1,high,creative,Llama-3-70B,-0.646,0.93,2.23,4.652,3.628
extraction,technical,pt,cloud,consumer_gpu,low,1,high,creative,Deepseek,0.976,1.741,0.732,2.406,3.269
classification,general,pt,hybrid,pro_gpu,medium,0,high,factual,Llama-3-70B,0.991,1.795,2.215,3.543,1.999
extraction,technical,pt,cloud,consumer_gpu,medium,1,medium,formal,Llama-3-70B,0.901,0.689,-0.586,3.3,3.17
reasoning,medical,en,cloud,cpu,medium,1,medium,factual,Claude-2,2.13,2.33,4.336,2.715,2.376
summarization,medical,multi,cloud,pro_gpu,medium,1,medium,formal,Gemini,3.086,4.706,2.548,1.448,-0.039
generation,ecommerce,multi,cloud,cpu,low,1,medium,formal,Gemini,-0.314,3.193,1.346,1.31,1.947
summarization,general,pt,cloud,consumer_gpu,high,1,low,formal,Gemini,3.284,3.316,-0.6,1.483,1.369
generation,ecommerce,multi,cloud,pro_gpu,medium,1,medium,precise,Gemini,1.2,3.121,2.118,0.972,1.722
reasoning,general,pt,hybrid,consumer_gpu,low,0,high,precise,Claude-2,2.292,2.823,2.989,1.175,1.683
classification,general,en,cloud,pro_gpu,high,1,medium,creative,Claude-2,1.662,1.043,3.174,3.099,1.73
classification,finance,pt,hybrid,pro_gpu,medium,1,low,factual,Llama-3-70B,1.373,3.981,3.988,4.64,2.81
classification,ecommerce,multi,cloud,consumer_gpu,low,1,high,factual,Claude-2,0.721,2.937,4.828,2.271,-0.673
extraction,medical,multi,local,cpu,low,1,medium,precise,Llama-3-70B,-2.529,1.461,1.249,5.787,4.366
extraction,medical,pt,cloud,consumer_gpu,high,0,low,creative,Deepseek,1.764,2.584,1.323,3.591,4.151
summarization,technical,en,local,consumer_gpu,low,0,medium,precise,Gemini,0.693,2.938,0.454,2.619,2.64
summarization,finance,multi,local,consumer_gpu,medium,1,high,precise,Llama-3-70B,0.94,3.475,1.17,3.525,1.965
reasoning,general,en,cloud,cpu,medium,1,high,creative,GPT-4o,2.903,-0.019,1.912,2.119,2.331
extraction,finance,en,hybrid,pro_gpu,high,0,high,creative,Deepseek,1.502,2.069,2.372,4.035,5.328
extraction,finance,pt,cloud,pro_gpu,medium,0,high,formal,Llama-3-70B,1.202,2.362,1.45,3.696,3.435
classification,ecommerce,multi,cloud,cpu,medium,1,low,factual,Llama-3-70B,0.0,1.658,2.922,3.771,0.805
summarization,finance,multi,local,edge,high,0,high,formal,Deepseek,0.488,1.777,-0.387,2.619,3.671
extraction,legal,multi,cloud,consumer_gpu,high,1,medium,formal,Llama-3-70B,1.152,2.556,2.521,3.487,1.849
reasoning,ecommerce,en,cloud,consumer_gpu,high,1,high,factual,Claude-2,2.944,1.361,3.68,0.802,0.779
summarization,legal,en,cloud,cpu,medium,1,high,formal,Gemini,2.236,3.978,1.884,1.986,2.102
reasoning,medical,en,cloud,edge,high,1,medium,creative,Deepseek,2.888,1.304,3.455,0.61,3.506
extraction,technical,multi,cloud,edge,medium,0,medium,creative,Deepseek,0.721,-0.267,-0.12,2.064,3.381
generation,technical,pt,cloud,consumer_gpu,medium,1,low,formal,Deepseek,1.388,3.296,-0.09,1.345,3.573
extraction,medical,multi,local,cpu,high,0,low,creative,Llama-3-70B,-1.075,-0.386,-0.276,6.409,5.51
extraction,legal,multi,cloud,cpu,medium,1,low,formal,Llama-3-70B,0.508,1.86,1.867,4.319,3.45
classification,ecommerce,pt,cloud,edge,medium,1,high,formal,Deepseek,-0.249,-0.139,0.356,2.179,2.441
generation,medical,en,local,edge,low,0,high,creative,Deepseek,-1.55,2.365,0.556,1.833,7.629
summarization,finance,pt,hybrid,cpu,medium,1,low,precise,Gemini,2.262,4.762,1.327,3.483,3.363
classification,general,en,cloud,cpu,medium,1,medium,factual,Llama-3-70B,0.174,0.909,2.871,3.993,2.242
summarization,ecommerce,en,cloud,pro_gpu,medium,0,high,factual,Gemini,2.889,3.426,1.682,1.516,0.839
generation,technical,pt,cloud,consumer_gpu,medium,0,low,factual,Gemini,1.328,4.036,0.089,1.114,3.326
reasoning,ecommerce,en,cloud,consumer_gpu,low,0,medium,precise,Claude-2,2.424,2.659,4.584,0.297,0.37
summarization,general,en,cloud,consumer_gpu,medium,1,medium,creative,GPT-4o,3.455,3.007,0.846,1.047,1.389
generation,technical,en,local,cpu,low,1,medium,formal,Deepseek,-2.234,1.367,-1.199,3.375,5.546
reasoning,technical,multi,hybrid,pro_gpu,medium,0,high,precise,Claude-2,2.758,2.035,3.784,1.659,0.289
generation,ecommerce,pt,cloud,cpu,low,1,high,precise,Gemini,-0.188,3.915,0.508,1.116,3.334
reasoning,technical,multi,hybrid,pro_gpu,high,0,low,creative,GPT-4o,3.417,0.978,2.819,1.653,1.247
extraction,finance,multi,local,cpu,high,0,low,formal,Llama-3-70B,-1.582,-0.178,-0.518,6.237,5.043
extraction,ecommerce,pt,cloud,pro_gpu,medium,0,high,formal,Llama-3-70B,1.028,1.464,-0.421,3.038,2.938
extraction,finance,pt,hybrid,consumer_gpu,low,1,low,factual,Gemini,0.827,4.47,3.142,4.291,3.943
reasoning,ecommerce,pt,cloud,consumer_gpu,medium,0,medium,precise,GPT-4o,2.734,1.333,2.302,0.779,0.569
classification,technical,pt,cloud,cpu,medium,0,high,creative,Llama-3-70B,0.978,0.699,0.699,3.968,2.516
classification,finance,pt,cloud,cpu,low,1,medium,factual,Llama-3-70B,-0.32,3.584,3.842,3.853,1.864
reasoning,finance,en,cloud,edge,high,0,high,precise,Claude-2,1.866,2.398,4.165,0.349,3.107
classification,legal,multi,cloud,cpu,low,0,low,precise,Claude-2,-0.48,3.406,5.398,4.017,0.395
reasoning,technical,multi,cloud,consumer_gpu,low,0,medium,precise,Claude-2,2.495,2.864,4.978,0.612,-0.998
summarization,medical,pt,hybrid,pro_gpu,low,0,high,factual,Gemini,2.238,5.987,2.639,1.678,1.763
extraction,general,pt,cloud,cpu,low,1,high,creative,Deepseek,0.411,1.306,-0.314,3.397,4.013
summarization,technical,pt,cloud,cpu,low,0,low,precise,Gemini,1.305,3.712,0.371,1.058,1.42
summarization,technical,multi,cloud,consumer_gpu,high,1,low,precise,Gemini,3.606,4.244,1.957,1.598,-0.17
summarization,technical,multi,cloud,consumer_gpu,low,0,high,factual,Gemini,2.433,4.577,2.64,0.422,-0.966
extraction,finance,pt,hybrid,edge,high,1,high,precise,Deepseek,0.032,2.201,0.787,3.538,5.99
reasoning,finance,pt,cloud,cpu,high,1,low,formal,Claude-2,2.203,1.489,2.687,2.327,2.555
generation,technical,pt,local,edge,high,1,medium,formal,Deepseek,-2.234,-0.36,-3.392,2.152,6.385
reasoning,legal,en,cloud,consumer_gpu,medium,1,low,formal,Claude-2,2.782,2.691,4.878,1.504,1.837
classification,medical,en,local,consumer_gpu,low,0,high,formal,Llama-3-70B,-1.503,1.616,3.524,4.805,3.239
reasoning,legal,en,cloud,edge,low,0,high,creative,Claude-2,2.168,2.495,4.313,-0.089,3.023
reasoning,legal,multi,local,cpu,low,1,medium,factual,Llama-3-70B,-0.335,1.742,3.126,3.477,2.594
reasoning,ecommerce,multi,cloud,consumer_gpu,high,1,medium,creative,GPT-4o,3.658,0.866,3.208,0.879,0.565
reasoning,medical,pt,cloud,consumer_gpu,high,0,high,formal,Claude-2,3.136,2.402,3.431,1.379,1.648
classification,medical,multi,hybrid,consumer_gpu,medium,1,low,formal,Claude-2,1.36,3.06,5.112,4.606,0.949
generation,legal,en,cloud,cpu,high,1,medium,factual,Gemini,0.292,4.264,2.803,2.327,4.227
reasoning,finance,pt,local,consumer_gpu,low,1,low,creative,Deepseek,1.537,1.531,2.106,3.54,3.869
extraction,general,pt,hybrid,consumer_gpu,low,1,low,formal,Deepseek,0.591,2.407,1.037,3.744,3.799
classification,technical,pt,cloud,consumer_gpu,medium,0,high,factual,Llama-3-70B,0.849,1.416,2.5,2.935,0.95
reasoning,general,pt,cloud,consumer_gpu,low,1,high,precise,Claude-2,2.766,2.811,3.291,0.933,0.371
classification,ecommerce,multi,local,pro_gpu,low,0,low,formal,Llama-3-70B,-1.314,0.011,2.054,4.806,1.102
summarization,legal,multi,cloud,pro_gpu,medium,1,low,precise,Gemini,3.408,5.715,3.427,1.632,0.091
reasoning,finance,multi,cloud,consumer_gpu,medium,0,high,creative,Claude-2,3.307,2.911,4.279,1.456,0.645
classification,finance,en,cloud,consumer_gpu,high,0,high,formal,Claude-2,1.061,2.663,4.672,3.383,1.467
classification,finance,en,local,consumer_gpu,low,0,low,formal,Llama-3-70B,-1.443,1.45,3.821,5.098,3.147
extraction,finance,en,cloud,cpu,medium,0,low,precise,Deepseek,0.333,2.635,2.436,4.041,4.38
classification,legal,multi,cloud,pro_gpu,medium,0,medium,formal,Claude-2,0.87,2.394,4.617,3.748,0.004
extraction,legal,multi,local,consumer_gpu,high,1,medium,formal,Llama-3-70B,-0.938,0.84,0.548,6.02,4.113
classification,ecommerce,multi,hybrid,cpu,medium,0,low,precise,Llama-3-70B,-0.152,1.051,2.976,4.858,1.235
extraction,ecommerce,multi,cloud,pro_gpu,low,1,medium,factual,Claude-2,0.472,2.455,2.658,2.33,0.884
summarization,medical,multi,hybrid,consumer_gpu,high,1,low,precise,Gemini,3.418,5.834,3.579,2.361,1.189
summarization,technical,pt,cloud,cpu,high,0,high,factual,Gemini,2.439,2.778,-0.627,1.803,1.643
generation,medical,pt,cloud,edge,medium,1,medium,creative,Deepseek,0.83,3.476,0.084,0.323,5.613
summarization,general,pt,cloud,consumer_gpu,high,1,low,creative,GPT-4o,4.144,3.225,0.145,1.22,2.045
classification,medical,multi,cloud,consumer_gpu,medium,1,low,precise,Claude-2,1.487,3.216,5.148,3.495,0.553
reasoning,finance,pt,local,consumer_gpu,low,0,high,factual,Deepseek,0.39,2.712,2.587,3.037,3.308
summarization,legal,en,cloud,consumer_gpu,low,0,medium,precise,Gemini,2.901,6.612,4.442,1.205,1.119
reasoning,medical,en,local,consumer_gpu,low,1,high,formal,Claude-2,0.656,1.39,3.336,2.999,2.966
reasoning,general,pt,cloud,edge,medium,1,medium,factual,Deepseek,1.909,0.839,1.391,0.018,2.796
generation,finance,multi,hybrid,cpu,medium,0,medium,precise,Gemini,-0.028,4.361,2.257,2.727,3.583
summarization,finance,en,cloud,consumer_gpu,medium,0,medium,factual,Gemini,2.976,5.503,3.326,1.295,1.871
generation,finance,en,cloud,consumer_gpu,high,0,high,creative,Gemini,1.944,4.616,2.455,1.308,4.126
reasoning,technical,pt,cloud,consumer_gpu,high,0,medium,factual,GPT-4o,3.218,2.077,2.509,0.902,0.776
summarization,technical,en,cloud,consumer_gpu,high,1,medium,creative,GPT-4o,3.728,2.646,1.065,0.97,1.607
reasoning,ecommerce,en,cloud,consumer_gpu,high,1,high,creative,GPT-4o,3.381,1.103,2.893,0.766,1.126
generation,technical,multi,cloud,edge,low,0,high,precise,Gemini,-0.506,4.054,2.032,-0.591,2.38
summarization,technical,multi,cloud,edge,high,1,medium,factual,Gemini,2.094,2.5,0.76,0.153,1.245
classification,general,pt,cloud,consumer_gpu,high,0,medium,precise,Llama-3-70B,0.98,1.659,2.024,2.835,0.955
reasoning,finance,multi,cloud,consumer_gpu,medium,0,medium,creative,Claude-2,3.773,2.683,4.339,1.799,0.646
generation,finance,pt,cloud,edge,low,1,medium,precise,Gemini,-0.504,5.051,1.215,0.177,4.647
reasoning,legal,multi,cloud,consumer_gpu,medium,1,medium,creative,Claude-2,3.644,2.513,4.603,1.187,0.594
generation,general,multi,cloud,pro_gpu,high,0,high,formal,Gemini,1.159,2.749,1.059,0.729,1.593
summarization,ecommerce,pt,cloud,consumer_gpu,medium,1,low,factual,Gemini,3.293,3.677,0.733,1.153,1.138
summarization,legal,multi,local,consumer_gpu,high,0,medium,factual,Llama-3-70B,1.04,3.43,0.997,3.512,2.086
reasoning,general,multi,cloud,consumer_gpu,high,0,high,creative,GPT-4o,3.839,1.035,2.927,0.834,0.217
extraction,legal,en,cloud,consumer_gpu,medium,1,high,precise,Llama-3-70B,0.786,2.616,3.287,3.681,3.027
extraction,finance,multi,cloud,cpu,medium,1,high,formal,Llama-3-70B,-0.002,1.824,2.111,4.304,2.654
generation,ecommerce,multi,cloud,cpu,low,0,medium,creative,Gemini,0.363,3.475,1.071,1.14,2.403
summarization,medical,multi,cloud,consumer_gpu,high,0,high,factual,Gemini,2.809,5.225,3.525,1.565,-0.05
reasoning,legal,en,local,consumer_gpu,high,0,high,formal,Llama-3-70B,0.942,0.187,2.677,3.484,3.464
reasoning,medical,pt,cloud,pro_gpu,high,0,medium,creative,GPT-4o,4.339,2.56,2.85,1.415,2.43
reasoning,legal,pt,local,edge,high,1,medium,factual,Deepseek,0.023,-0.088,0.884,2.366,5.375
reasoning,technical,en,cloud,cpu,low,0,medium,creative,Claude-2,2.616,1.111,3.456,1.314,2.171
generation,legal,multi,cloud,pro_gpu,high,1,high,creative,Gemini,1.797,4.331,2.371,1.706,2.633
extraction,general,en,local,pro_gpu,medium,0,high,factual,Llama-3-70B,-1.081,-0.491,-0.215,5.413,4.786
extraction,legal,en,cloud,pro_gpu,low,1,low,factual,Gemini,0.805,4.782,4.484,3.39,3.088
generation,medical,pt,cloud,edge,low,0,high,precise,Gemini,-0.414,5.163,1.897,0.237,5.018
extraction,technical,en,cloud,cpu,low,0,low,precise,Deepseek,-0.184,1.965,1.939,3.229,3.368
extraction,medical,multi,cloud,consumer_gpu,high,1,medium,precise,Claude-2,0.941,3.234,3.464,3.299,2.228
extraction,technical,pt,cloud,pro_gpu,medium,0,medium,formal,Deepseek,1.263,0.976,-0.924,2.878,3.259
summarization,legal,pt,local,pro_gpu,high,1,medium,formal,Llama-3-70B,0.995,2.3,-1.101,3.668,3.609
extraction,technical,en,local,consumer_gpu,low,0,medium,precise,Deepseek,-1.548,0.627,0.622,4.316,4.823
generation,finance,en,cloud,cpu,high,0,high,factual,Gemini,0.136,4.643,2.704,2.5,4.214
generation,general,multi,cloud,edge,low,1,medium,precise,Gemini,-0.419,3.695,1.519,-0.435,2.264
generation,medical,multi,cloud,consumer_gpu,medium,1,high,creative,Gemini,1.938,4.407,2.54,1.557,2.648
classification,general,multi,local,consumer_gpu,low,0,medium,factual,Llama-3-70B,-1.383,0.605,2.874,4.231,1.025
classification,finance,pt,hybrid,edge,high,1,low,precise,Deepseek,0.688,2.3,2.864,3.703,4.136
classification,technical,en,cloud,consumer_gpu,high,0,low,factual,Claude-2,1.07,1.798,3.827,3.222,1.082
generation,technical,multi,local,consumer_gpu,low,0,low,formal,Deepseek,-1.548,2.135,0.38,2.473,2.805
reasoning,general,pt,cloud,consumer_gpu,medium,0,low,precise,GPT-4o,3.221,1.676,1.765,1.169,0.893
classification,finance,multi,cloud,cpu,medium,0,high,creative,Llama-3-70B,0.882,1.766,3.738,4.442,1.413
classification,medical,en,hybrid,cpu,low,0,low,creative,Claude-2,0.503,2.648,4.848,4.723,3.113
extraction,technical,pt,cloud,pro_gpu,high,0,medium,factual,Deepseek,1.217,1.593,0.362,3.073,3.368
summarization,general,pt,cloud,cpu,high,1,medium,factual,Gemini,2.155,2.83,-0.604,1.739,1.96
generation,legal,pt,cloud,cpu,high,1,high,creative,Deepseek,0.577,3.489,-0.014,2.49,5.342
generation,legal,multi,local,cpu,medium,1,high,creative,Deepseek,-1.121,1.666,-0.286,4.532,5.315
summarization,finance,en,cloud,consumer_gpu,high,0,high,creative,Gemini,3.748,4.695,2.6,1.538,2.4
generation,medical,pt,cloud,pro_gpu,medium,1,high,formal,Gemini,0.459,4.636,0.869,1.134,3.602
reasoning,general,pt,cloud,cpu,low,0,low,factual,Claude-2,1.975,1.873,2.591,1.622,1.563
extraction,medical,multi,local,pro_gpu,medium,1,low,formal,Llama-3-70B,-0.372,0.948,0.815,5.48,4.251
generation,general,en,cloud,edge,low,1,medium,creative,Deepseek,0.031,3.434,0.965,-0.475,4.81
generation,technical,en,local,pro_gpu,low,0,low,factual,Deepseek,-1.491,3.039,0.575,2.539,4.352
classification,finance,multi,local,consumer_gpu,high,0,low,creative,Llama-3-70B,-0.564,0.378,2.493,5.414,2.562
summarization,technical,pt,cloud,edge,high,1,low,precise,Gemini,2.019,2.983,-0.801,0.452,2.816
summarization,technical,en,local,cpu,low,1,medium,precise,Deepseek,-0.592,1.838,-0.25,3.364,3.568
extraction,general,en,local,consumer_gpu,low,1,medium,precise,Llama-3-70B,-1.875,0.723,0.668,4.634,4.543
classification,finance,multi,cloud,cpu,low,0,low,creative,Claude-2,0.25,2.636,4.541,4.015,1.004
classification,general,pt,cloud,consumer_gpu,low,0,low,factual,Claude-2,0.88,2.688,3.058,2.197,0.139
summarization,medical,pt,cloud,pro_gpu,medium,0,high,precise,Gemini,2.683,5.253,1.802,1.184,1.679
classification,ecommerce,multi,hybrid,cpu,high,0,medium,creative,Llama-3-70B,0.803,0.229,2.522,4.779,1.746
reasoning,medical,en,cloud,consumer_gpu,low,1,low,precise,Claude-2,2.622,4.07,6.356,1.258,1.103
extraction,medical,multi,local,consumer_gpu,high,1,low,formal,Llama-3-70B,-0.726,0.815,0.755,5.67,4.334
summarization,general,en,cloud,consumer_gpu,high,0,medium,creative,GPT-4o,3.788,2.782,1.282,0.98,1.704
reasoning,technical,multi,cloud,cpu,low,1,medium,creative,Claude-2,2.542,1.247,3.391,1.357,0.378
summarization,technical,en,cloud,edge,high,1,high,precise,Gemini,2.072,2.471,0.722,-0.007,2.458
reasoning,technical,pt,cloud,consumer_gpu,high,1,low,creative,GPT-4o,3.974,0.924,1.69,1.319,2.032
reasoning,technical,pt,cloud,consumer_gpu,medium,1,high,precise,GPT-4o,2.794,1.953,2.027,1.194,1.085
generation,finance,en,cloud,edge,low,0,low,creative,Deepseek,0.071,4.855,2.261,0.184,5.4
summarization,finance,en,cloud,cpu,medium,0,medium,precise,Gemini,2.066,4.678,2.35,2.358,2.352
reasoning,medical,pt,cloud,pro_gpu,medium,0,low,precise,Claude-2,2.973,3.362,3.859,1.15,1.761
summarization,general,multi,cloud,consumer_gpu,high,0,high,precise,Gemini,2.668,3.907,1.925,0.782,-0.582
generation,legal,pt,hybrid,pro_gpu,high,0,low,factual,Gemini,0.779,5.157,1.638,2.456,4.562
classification,legal,pt,cloud,pro_gpu,low,0,low,factual,Claude-2,0.779,4.088,4.658,2.663,0.839
generation,technical,multi,hybrid,cpu,high,1,low,creative,Deepseek,1.393,2.823,0.253,2.782,4.095
classification,legal,multi,cloud,cpu,medium,0,low,factual,Claude-2,0.256,2.238,4.485,4.205,0.797
classification,legal,multi,cloud,pro_gpu,medium,0,medium,factual,Claude-2,1.109,3.201,5.113,3.478,-0.018
summarization,medical,pt,hybrid,consumer_gpu,medium,0,low,formal,Gemini,2.926,4.448,1.32,2.412,2.241
generation,finance,en,hybrid,consumer_gpu,low,1,medium,formal,Gemini,0.639,5.433,3.735,1.874,3.779
reasoning,legal,multi,hybrid,consumer_gpu,high,0,medium,precise,Claude-2,3.09,2.886,4.975,2.061,0.829
reasoning,ecommerce,en,cloud,consumer_gpu,medium,1,medium,formal,GPT-4o,3.347,1.446,3.128,1.1,0.64
classification,medical,multi,cloud,pro_gpu,medium,0,medium,precise,Claude-2,0.891,3.042,5.076,3.466,-0.094
extraction,legal,pt,cloud,consumer_gpu,medium,0,low,factual,Deepseek,0.604,3.35,1.485,3.548,3.915
generation,legal,pt,cloud,consumer_gpu,high,1,high,creative,Deepseek,1.516,3.994,0.943,1.72,4.592
generation,ecommerce,multi,cloud,edge,medium,1,low,factual,Deepseek,0.054,3.099,0.907,0.279,3.829
classification,general,pt,cloud,cpu,high,1,low,precise,Llama-3-70B,0.199,1.251,1.794,4.317,2.12
extraction,legal,pt,cloud,cpu,medium,0,low,formal,Deepseek,0.262,1.622,0.254,4.231,4.424
extraction,technical,pt,local,pro_gpu,medium,0,medium,factual,Llama-3-70B,-1.074,-0.225,-1.806,5.225,4.99
extraction,general,en,cloud,cpu,low,1,high,factual,Deepseek,-0.655,2.152,1.719,3.169,3.181
generation,legal,multi,hybrid,consumer_gpu,high,1,low,formal,Gemini,1.575,4.373,3.428,2.811,3.145
reasoning,medical,multi,local,cpu,high,0,high,factual,Llama-3-70B,0.189,0.457,2.504,4.429,2.911
extraction,general,pt,local,edge,high,0,high,creative,Deepseek,-1.282,-2.039,-3.53,3.961,7.427
reasoning,legal,en,local,cpu,medium,0,high,creative,Deepseek,1.019,-0.888,1.831,4.339,4.996
generation,finance,pt,cloud,cpu,low,1,medium,creative,Gemini,0.322,4.925,1.39,1.645,4.581
classification,general,en,cloud,consumer_gpu,low,1,medium,factual,Claude-2,0.306,2.424,4.575,2.672,0.691
generation,ecommerce,en,cloud,consumer_gpu,high,0,low,factual,Gemini,1.103,3.845,1.803,0.872,3.086
classification,general,en,cloud,consumer_gpu,low,0,medium,formal,Claude-2,0.66,2.151,4.238,2.642,0.57
reasoning,legal,multi,cloud,edge,low,1,high,factual,Claude-2,1.714,3.195,5.024,-0.033,0.851
classification,finance,multi,cloud,pro_gpu,low,0,low,precise,Claude-2,0.365,4.171,6.042,2.938,-0.879
summarization,legal,en,local,pro_gpu,high,1,high,precise,Deepseek,1.043,3.2,1.037,3.632,3.688
generation,legal,pt,cloud,consumer_gpu,medium,0,low,precise,Gemini,0.678,5.047,1.546,1.312,3.666
classification,finance,pt,cloud,consumer_gpu,high,1,low,creative,Llama-3-70B,1.961,2.747,2.899,3.927,2.252
classification,legal,pt,local,edge,medium,0,medium,factual,Deepseek,-1.988,0.255,0.972,4.238,4.396
reasoning,finance,multi,cloud,consumer_gpu,medium,0,medium,factual,Claude-2,3.037,3.56,5.448,1.542,-0.098
generation,legal,en,cloud,consumer_gpu,medium,0,medium,creative,Deepseek,1.861,4.305,2.595,1.601,4.412
summarization,technical,multi,cloud,consumer_gpu,high,1,high,formal,GPT-4o,3.552,3.078,0.898,0.995,-0.854
extraction,general,en,local,consumer_gpu,high,1,high,formal,Llama-3-70B,-1.139,-1.082,-1.105,5.03,4.836
reasoning,medical,pt,cloud,pro_gpu,low,0,low,factual,Claude-2,2.724,4.2,4.698,0.934,1.031
summarization,legal,pt,local,cpu,medium,0,high,factual,Llama-3-70B,0.365,2.227,-1.232,4.239,4.031
summarization,technical,pt,local,consumer_gpu,high,0,low,factual,Llama-3-70B,0.836,1.605,-1.625,3.053,3.039
extraction,finance,multi,cloud,consumer_gpu,medium,0,high,factual,Llama-3-70B,1.17,3.173,3.278,3.479,2.053
classification,finance,pt,cloud,consumer_gpu,low,0,high,creative,Claude-2,1.083,3.012,3.973,3.285,1.885
generation,ecommerce,en,hybrid,consumer_gpu,high,1,high,factual,Gemini,1.193,3.947,1.718,1.839,3.676
classification,legal,en,cloud,consumer_gpu,high,1,low,factual,Claude-2,1.237,3.623,5.741,3.772,1.71
generation,technical,pt,cloud,consumer_gpu,medium,1,low,precise,Gemini,1.3,4.12,0.211,0.841,3.19
generation,medical,en,local,pro_gpu,high,0,low,formal,Deepseek,-1.244,2.398,0.47,3.409,5.79
generation,technical,en,local,consumer_gpu,high,1,high,creative,Deepseek,-0.235,1.06,-0.876,2.772,5.908
summarization,finance,pt,hybrid,consumer_gpu,medium,1,low,formal,Gemini,3.285,4.934,1.086,2.289,2.764
classification,medical,multi,cloud,cpu,high,0,low,formal,Llama-3-70B,0.275,1.52,3.526,4.525,0.562
summarization,general,pt,cloud,cpu,medium,0,medium,precise,Gemini,2.529,2.72,-0.472,1.734,1.921
reasoning,ecommerce,en,local,cpu,low,0,medium,factual,Deepseek,-0.409,-0.133,1.908,3.1,3.448
extraction,finance,pt,hybrid,consumer_gpu,high,1,medium,formal,Deepseek,0.897,2.454,0.801,3.788,4.262
generation,technical,multi,cloud,cpu,low,0,high,formal,Gemini,0.183,3.357,1.196,1.247,1.804
summarization,technical,pt,local,consumer_gpu,medium,0,high,creative,Deepseek,1.809,0.764,-2.277,3.143,3.844
reasoning,legal,multi,cloud,pro_gpu,low,1,high,precise,Claude-2,2.588,4.204,6.335,1.118,-0.571
generation,finance,en,hybrid,consumer_gpu,low,1,medium,factual,Gemini,0.385,6.22,4.51,1.552,3.506
extraction,general,pt,cloud,consumer_gpu,medium,1,medium,creative,Deepseek,1.733,1.01,-0.465,3.049,3.655
reasoning,general,en,hybrid,consumer_gpu,medium,1,high,precise,Claude-2,3.298,1.38,3.534,1.779,1.471
summarization,legal,multi,local,pro_gpu,high,1,high,precise,Llama-3-70B,0.965,3.532,1.204,3.546,1.748
summarization,technical,pt,local,edge,medium,1,medium,factual,Deepseek,-0.123,0.625,-2.864,2.256,4.612
classification,ecommerce,multi,hybrid,pro_gpu,medium,0,high,factual,Llama-3-70B,0.778,1.749,3.8,4.028,0.616
generation,ecommerce,en,local,pro_gpu,high,0,medium,creative,Deepseek,-0.503,0.838,-1.252,2.953,5.793
reasoning,legal,multi,cloud,pro_gpu,low,1,high,creative,Claude-2,3.397,3.485,5.436,1.03,0.033
summarization,medical,pt,local,consumer_gpu,medium,1,medium,precise,Llama-3-70B,1.418,2.878,-0.263,3.905,3.501
reasoning,general,en,cloud,consumer_gpu,high,0,medium,formal,Claude-2,2.962,0.929,2.964,1.275,0.558
extraction,general,multi,cloud,consumer_gpu,low,0,low,formal,Llama-3-70B,0.807,1.715,1.947,2.414,1.118
generation,finance,multi,hybrid,edge,low,1,high,formal,Gemini,-0.82,4.592,2.905,0.527,3.838
classification,finance,en,local,cpu,high,0,low,factual,Llama-3-70B,-1.932,0.485,2.404,6.172,4.398
generation,legal,pt,cloud,cpu,low,0,high,factual,Gemini,0.061,5.362,2.044,1.541,3.609
reasoning,finance,en,hybrid,consumer_gpu,low,0,high,precise,Claude-2,2.594,4.497,6.271,1.737,1.8
classification,medical,multi,cloud,consumer_gpu,high,0,low,precise,Claude-2,0.75,3.321,5.376,3.41,-0.094
generation,legal,pt,cloud,consumer_gpu,low,0,low,precise,Gemini,0.553,6.113,2.687,1.42,2.951
generation,finance,multi,cloud,consumer_gpu,medium,0,medium,factual,Gemini,0.928,5.07,3.349,1.464,1.87
generation,legal,pt,hybrid,edge,medium,0,low,formal,Deepseek,0.264,3.784,-0.12,0.927,6.002
summarization,legal,multi,cloud,consumer_gpu,low,1,high,creative,Gemini,3.063,5.658,3.106,1.179,-0.042
reasoning,technical,en,local,consumer_gpu,high,0,high,creative,Deepseek,1.846,-0.997,0.809,2.919,3.837
classification,general,multi,cloud,consumer_gpu,low,1,medium,formal,Claude-2,0.521,2.117,4.395,2.187,-0.677
summarization,technical,multi,local,consumer_gpu,high,0,high,precise,Llama-3-70B,1.021,1.52,-0.566,2.962,1.684
extraction,ecommerce,multi,cloud,pro_gpu,low,0,medium,creative,Llama-3-70B,1.174,2.302,1.71,2.498,1.45
classification,finance,pt,local,pro_gpu,high,0,medium,factual,Llama-3-70B,-0.927,1.377,1.616,4.979,3.54
generation,legal,pt,cloud,edge,high,1,medium,formal,Deepseek,0.087,3.581,0.247,0.286,5.136
classification,general,multi,cloud,cpu,high,1,low,creative,Llama-3-70B,1.439,0.144,2.564,3.999,1.284
extraction,general,multi,local,edge,high,0,medium,precise,Deepseek,-1.93,-1.397,-1.435,4.007,4.783
generation,finance,pt,cloud,cpu,low,1,medium,precise,Gemini,-0.517,5.536,1.67,1.933,3.893
reasoning,technical,pt,cloud,pro_gpu,low,0,low,formal,Claude-2,2.155,1.864,2.739,0.304,0.407
generation,medical,en,hybrid,consumer_gpu,high,0,medium,precise,Gemini,1.092,5.357,3.15,2.18,4.584
summarization,general,en,cloud,consumer_gpu,medium,1,medium,formal,GPT-4o,3.348,3.196,1.017,0.838,0.834
classification,legal,multi,local,edge,low,0,medium,factual,Llama-3-70B,-2.395,1.284,3.48,4.13,2.699
extraction,technical,en,cloud,consumer_gpu,medium,0,high,formal,Deepseek,1.21,0.8,0.923,3.05,3.399
reasoning,finance,pt,hybrid,consumer_gpu,low,1,high,precise,Claude-2,3.122,4.321,4.663,1.907,1.978
classification,technical,multi,cloud,pro_gpu,high,0,high,precise,Claude-2,0.936,2.059,3.746,3.1,-0.367
extraction,ecommerce,multi,local,cpu,high,0,medium,precise,Llama-3-70B,-1.716,-0.932,-1.223,5.688,4.08
reasoning,legal,multi,hybrid,consumer_gpu,low,0,high,factual,Claude-2,2.588,4.356,6.292,2.135,0.299
reasoning,legal,pt,local,consumer_gpu,medium,1,low,formal,Deepseek,1.434,0.582,1.223,3.939,3.97
extraction,technical,en,cloud,cpu,medium,1,high,factual,Deepseek,0.141,0.886,0.596,3.729,3.978
classification,finance,en,cloud,edge,high,0,low,factual,Claude-2,0.115,2.3,4.21,2.501,2.868
reasoning,general,multi,cloud,pro_gpu,high,1,high,formal,GPT-4o,3.14,1.084,3.098,0.895,-0.931
reasoning,medical,en,local,pro_gpu,medium,1,high,factual,Llama-3-70B,1.219,1.104,3.027,3.639,3.422
generation,technical,en,cloud,pro_gpu,low,0,medium,precise,Gemini,0.712,4.823,2.837,0.227,2.742
generation,ecommerce,multi,cloud,cpu,low,1,low,factual,Gemini,0.052,4.126,2.229,1.245,2.182
classification,medical,multi,cloud,cpu,medium,0,medium,formal,Llama-3-70B,-0.006,1.429,3.396,4.523,0.674
generation,general,en,cloud,consumer_gpu,high,0,medium,factual,Gemini,1.307,3.593,1.359,0.777,3.247
extraction,ecommerce,pt,hybrid,cpu,high,0,high,factual,Deepseek,0.169,0.79,-0.568,4.7,4.823
extraction,finance,multi,local,edge,high,0,high,formal,Deepseek,-1.71,-0.572,-0.765,4.417,5.552
classification,finance,multi,local,pro_gpu,high,1,medium,formal,Llama-3-70B,-1.193,0.309,2.569,5.49,2.007
generation,finance,en,hybrid,consumer_gpu,low,0,medium,precise,Gemini,0.348,6.154,4.015,1.978,4.007
extraction,medical,multi,local,consumer_gpu,low,0,low,precise,Llama-3-70B,-1.869,2.014,1.901,4.87,3.483
generation,technical,pt,hybrid,consumer_gpu,low,1,high,creative,Deepseek,0.91,3.816,0.299,1.341,4.014
generation,ecommerce,en,cloud,edge,high,1,high,precise,Deepseek,-0.144,2.735,0.591,-0.054,4.835
reasoning,general,multi,cloud,consumer_gpu,low,0,low,precise,Claude-2,2.768,2.44,4.866,0.662,-1.23
summarization,medical,multi,cloud,pro_gpu,high,1,low,creative,Gemini,4.164,5.108,2.575,1.616,1.204
generation,finance,pt,local,consumer_gpu,high,0,high,factual,Deepseek,-0.946,3.31,-0.232,3.578,5.235
summarization,ecommerce,multi,cloud,consumer_gpu,medium,1,medium,precise,Gemini,3.209,3.934,1.654,0.991,-0.806
extraction,general,pt,local,cpu,medium,0,high,precise,Llama-3-70B,-1.697,-0.986,-2.612,6.025,5.733
extraction,ecommerce,multi,local,pro_gpu,low,1,medium,formal,Llama-3-70B,-1.387,-0.204,-0.005,4.465,3.045
classification,legal,pt,local,cpu,low,1,medium,precise,Llama-3-70B,-2.374,1.374,2.065,5.713,3.479
summarization,legal,multi,local,cpu,medium,0,low,formal,Llama-3-70B,0.55,1.976,-0.558,4.438,2.699
generation,ecommerce,pt,local,consumer_gpu,high,1,medium,precise,Deepseek,-0.947,1.759,-1.847,2.843,4.862
classification,technical,en,cloud,edge,high,0,high,formal,Deepseek,-0.183,-0.166,1.987,1.857,2.636
reasoning,ecommerce,multi,cloud,consumer_gpu,low,1,medium,precise,Claude-2,2.797,2.584,4.748,0.6,-0.906
generation,legal,multi,cloud,edge,high,0,low,precise,Gemini,0.015,4.349,2.296,0.252,3.674
reasoning,legal,multi,local,consumer_gpu,low,1,medium,creative,Claude-2,1.377,1.347,3.508,3.137,2.158
reasoning,medical,multi,local,cpu,high,1,high,factual,Llama-3-70B,0.415,0.873,2.243,4.024,2.861
reasoning,general,en,hybrid,cpu,high,0,low,formal,Deepseek,2.344,0.154,2.491,2.332,2.739
extraction,ecommerce,pt,local,cpu,high,0,high,factual,Deepseek,-1.921,-0.756,-2.201,5.647,5.69
classification,legal,multi,local,pro_gpu,high,1,high,creative,Llama-3-70B,-0.128,0.423,2.491,5.505,2.316
summarization,general,en,local,cpu,low,0,low,precise,Llama-3-70B,-0.303,1.762,-0.199,3.589,3.049
extraction,general,multi,local,edge,medium,1,medium,factual,Deepseek,-1.837,-1.356,-1.356,4.158,5.068
reasoning,medical,pt,cloud,cpu,low,0,high,creative,Claude-2,2.514,2.894,3.134,1.678,2.283
classification,medical,multi,cloud,pro_gpu,medium,0,medium,factual,Claude-2,0.835,3.79,5.449,3.23,-0.264
reasoning,finance,multi,cloud,cpu,low,0,high,factual,Claude-2,1.796,3.509,5.51,1.749,0.275
extraction,medical,multi,cloud,consumer_gpu,high,1,low,formal,Llama-3-70B,1.366,2.817,2.356,3.754,2.13
classification,general,pt,cloud,consumer_gpu,high,0,medium,formal,Llama-3-70B,1.035,1.597,1.573,2.937,1.184
generation,legal,en,hybrid,pro_gpu,low,0,low,formal,Gemini,0.597,5.584,3.621,2.211,3.574
extraction,medical,pt,cloud,consumer_gpu,high,0,high,factual,Deepseek,1.095,3.015,1.811,3.316,3.417
extraction,general,en,local,consumer_gpu,low,1,medium,precise,Deepseek,-1.559,0.895,0.884,4.251,4.511
summarization,technical,multi,cloud,consumer_gpu,low,0,medium,factual,Gemini,2.358,4.448,2.657,0.438,-0.515
reasoning,medical,multi,local,consumer_gpu,low,1,medium,factual,Claude-2,0.587,1.924,4.087,3.204,1.918
summarization,general,en,cloud,cpu,high,1,medium,precise,Gemini,1.883,2.524,1.274,1.878,1.626
summarization,technical,multi,cloud,consumer_gpu,medium,1,medium,factual,Gemini,3.107,3.173,1.701,1.066,-0.315
extraction,general,pt,local,cpu,medium,0,high,formal,Llama-3-70B,-2.003,-1.783,-3.485,5.851,5.621
generation,technical,multi,cloud,cpu,low,0,high,factual,Gemini,-0.382,3.701,2.03,1.472,1.753
extraction,legal,pt,cloud,consumer_gpu,high,1,high,formal,Deepseek,1.008,2.21,0.94,3.49,4.024
generation,finance,pt,hybrid,consumer_gpu,medium,0,medium,creative,Deepseek,1.478,4.793,1.199,2.356,5.352
reasoning,medical,multi,cloud,cpu,high,0,high,formal,Claude-2,2.274,1.778,3.689,2.545,1.019
reasoning,legal,pt,cloud,consumer_gpu,low,1,medium,creative,Claude-2,3.075,3.236,3.959,0.84,1.687
summarization,finance,pt,cloud,consumer_gpu,low,0,high,precise,Gemini,2.747,6.109,2.691,1.012,1.17
reasoning,finance,en,hybrid,cpu,high,1,low,precise,Claude-2,2.051,2.579,4.742,3.64,3.302
generation,ecommerce,multi,cloud,consumer_gpu,medium,1,high,creative,Gemini,1.325,3.124,0.873,0.762,2.075
extraction,medical,en,hybrid,cpu,medium,1,medium,factual,Deepseek,0.163,2.279,1.959,5.279,5.355
reasoning,ecommerce,pt,cloud,cpu,low,0,low,precise,Claude-2,1.83,1.672,2.36,1.299,1.42
summarization,legal,pt,cloud,consumer_gpu,low,0,medium,precise,Gemini,2.634,6.053,2.716,1.091,1.291
classification,finance,multi,cloud,cpu,low,1,low,formal,Claude-2,0.141,3.158,5.017,4.382,0.682
classification,legal,multi,cloud,cpu,high,0,high,formal,Llama-3-70B,0.028,1.981,3.84,4.211,0.704
classification,legal,en,hybrid,consumer_gpu,medium,0,high,precise,Claude-2,1.059,3.293,5.239,4.362,2.64
classification,legal,en,local,consumer_gpu,medium,0,low,factual,Llama-3-70B,-0.786,1.238,3.388,5.293,3.58
extraction,legal,multi,local,cpu,high,1,low,precise,Llama-3-70B,-1.138,0.656,0.53,6.47,4.882
reasoning,ecommerce,multi,cloud,consumer_gpu,low,0,low,formal,Claude-2,2.343,1.926,3.719,0.503,-0.82
extraction,ecommerce,multi,cloud,cpu,low,0,medium,creative,Llama-3-70B,0.218,1.504,1.302,3.506,2.368
extraction,ecommerce,pt,cloud,consumer_gpu,high,0,high,factual,Deepseek,1.171,1.482,0.378,3.034,3.111
extraction,finance,en,hybrid,consumer_gpu,medium,0,medium,factual,Deepseek,0.765,3.021,3.319,4.11,4.393
generation,ecommerce,multi,hybrid,pro_gpu,high,0,medium,formal,Gemini,0.727,3.17,0.753,1.91,2.425
generation,finance,pt,hybrid,cpu,high,1,medium,formal,Deepseek,0.061,3.816,0.252,2.992,4.898
classification,technical,multi,local,consumer_gpu,low,0,medium,formal,Llama-3-70B,-1.893,0.07,1.687,4.519,0.947
generation,finance,en,cloud,consumer_gpu,high,1,medium,factual,Gemini,1.136,5.14,3.134,1.646,3.567
extraction,medical,multi,cloud,consumer_gpu,low,1,high,factual,Gemini,0.563,4.294,3.893,3.151,1.622
summarization,medical,multi,cloud,consumer_gpu,medium,1,high,factual,Gemini,2.797,5.151,3.192,1.473,0.067
summarization,technical,pt,local,consumer_gpu,high,0,low,formal,Deepseek,1.286,1.216,-2.762,3.124,3.266
extraction,finance,en,local,consumer_gpu,high,0,low,factual,Llama-3-70B,-0.923,1.418,1.602,5.705,5.55
classification,general,pt,cloud,consumer_gpu,low,0,medium,formal,Claude-2,0.709,2.029,2.505,2.43,0.813
generation,general,multi,cloud,consumer_gpu,medium,1,high,creative,Gemini,1.536,3.306,1.1,0.72,2.274
summarization,technical,en,cloud,cpu,high,1,low,creative,Deepseek,2.78,2.625,0.677,1.982,2.825
extraction,ecommerce,multi,local,consumer_gpu,high,0,medium,formal,Llama-3-70B,-0.609,-1.101,-1.212,5.296,3.893
classification,legal,pt,hybrid,pro_gpu,medium,1,medium,formal,Llama-3-70B,1.001,2.702,3.268,4.152,2.203
extraction,general,multi,local,edge,high,1,high,precise,Deepseek,-1.754,-0.963,-1.187,3.824,5.397
generation,medical,pt,local,cpu,medium,0,medium,formal,Deepseek,-1.906,1.633,-1.732,4.611,6.471
reasoning,ecommerce,pt,cloud,consumer_gpu,medium,0,high,precise,GPT-4o,3.083,1.793,2.209,1.112,0.494
extraction,ecommerce,en,local,edge,high,1,low,precise,Deepseek,-1.759,-0.952,-1.23,4.377,6.759
reasoning,technical,en,hybrid,pro_gpu,medium,0,medium,creative,GPT-4o,4.051,1.315,2.907,1.77,2.485
reasoning,technical,pt,local,cpu,medium,1,medium,creative,Deepseek,0.81,-1.761,-1.452,3.574,4.625
generation,legal,en,cloud,consumer_gpu,medium,0,high,formal,Gemini,1.126,4.339,2.679,1.374,3.551
reasoning,medical,en,cloud,consumer_gpu,low,0,medium,formal,Claude-2,2.664,3.493,5.591,0.897,0.961
summarization,technical,pt,hybrid,cpu,low,0,high,precise,Gemini,1.659,3.751,0.365,1.79,2.002
summarization,general,pt,hybrid,consumer_gpu,high,1,high,creative,GPT-4o,3.643,2.949,-0.548,1.788,2.596
extraction,general,en,cloud,consumer_gpu,high,1,medium,formal,Deepseek,1.175,0.87,0.759,2.792,2.903
extraction,medical,en,cloud,consumer_gpu,low,1,medium,creative,Deepseek,1.13,3.346,3.241,2.909,3.736
extraction,medical,en,hybrid,pro_gpu,medium,0,high,factual,Deepseek,1.119,3.089,3.117,4.115,4.294
generation,technical,pt,cloud,cpu,high,0,medium,precise,Deepseek,0.03,3.015,-0.957,1.728,3.86
extraction,medical,pt,cloud,cpu,medium,1,medium,formal,Deepseek,0.237,2.239,0.27,4.099,4.281
reasoning,finance,pt,cloud,pro_gpu,medium,1,medium,factual,Claude-2,2.645,3.184,3.533,1.683,1.39
summarization,ecommerce,pt,hybrid,consumer_gpu,low,1,low,factual,Gemini,2.777,4.873,1.848,1.536,1.967
reasoning,legal,pt,local,pro_gpu,medium,0,low,factual,Llama-3-70B,1.163,1.296,1.774,3.579,3.114
reasoning,legal,multi,cloud,pro_gpu,medium,1,medium,creative,Claude-2,3.644,2.669,4.49,1.219,0.69
reasoning,general,multi,cloud,cpu,medium,1,high,creative,GPT-4o,3.241,0.449,2.188,1.99,0.927
reasoning,technical,en,cloud,consumer_gpu,high,1,medium,creative,GPT-4o,3.359,0.815,3.313,0.945,1.651
reasoning,general,en,hybrid,edge,low,0,medium,precise,Claude-2,1.44,2.081,4.025,0.744,2.768
generation,technical,multi,cloud,pro_gpu,low,1,high,precise,Gemini,0.559,4.397,2.995,0.266,1.043
reasoning,technical,pt,hybrid,consumer_gpu,medium,1,high,factual,GPT-4o,2.781,1.582,2.033,1.678,1.692
classification,general,pt,cloud,consumer_gpu,high,1,high,precise,Llama-3-70B,0.89,1.867,1.979,3.044,1.244
extraction,technical,en,cloud,consumer_gpu,medium,1,medium,formal,Llama-3-70B,0.897,0.856,0.954,3.236,3.039
summarization,general,pt,local,consumer_gpu,high,0,low,formal,Llama-3-70B,0.894,1.097,-2.72,3.136,3.082
reasoning,general,pt,cloud,pro_gpu,high,0,low,factual,GPT-4o,2.938,1.532,2.023,1.107,1.246
extraction,general,pt,cloud,cpu,high,1,medium,formal,Deepseek,0.073,0.292,-1.717,3.683,3.794
summarization,technical,en,cloud,cpu,high,0,low,creative,GPT-4o,2.718,2.013,0.066,1.858,2.463
generation,medical,en,cloud,pro_gpu,medium,1,low,formal,Gemini,0.852,4.376,2.679,1.892,3.25
extraction,ecommerce,en,local,consumer_gpu,high,1,high,precise,Deepseek,-1.1,-0.405,-0.022,4.923,5.077
generation,finance,multi,cloud,cpu,medium,1,medium,precise,Gemini,0.228,3.974,2.554,2.343,2.902
summarization,medical,pt,cloud,pro_gpu,low,1,medium,factual,Gemini,3.285,5.783,3.045,0.943,1.057
extraction,general,multi,hybrid,edge,medium,1,low,factual,Deepseek,0.291,0.915,0.886,3.166,3.797
generation,ecommerce,pt,local,consumer_gpu,low,1,high,factual,Deepseek,-1.35,2.617,-1.026,2.41,4.751
reasoning,legal,pt,local,consumer_gpu,medium,0,medium,creative,Deepseek,1.593,0.572,0.854,3.652,4.337
reasoning,technical,pt,cloud,pro_gpu,high,1,medium,precise,GPT-4o,3.37,1.665,2.334,1.02,1.259
reasoning,legal,pt,cloud,consumer_gpu,high,1,high,factual,Claude-2,2.856,3.349,3.661,1.487,1.518
generation,technical,multi,cloud,consumer_gpu,low,0,high,creative,Gemini,1.25,3.977,2.043,0.816,1.897
summarization,general,en,cloud,pro_gpu,high,0,low,creative,GPT-4o,3.874,2.909,0.822,1.191,1.875
summarization,general,en,cloud,consumer_gpu,medium,1,medium,creative,GPT-4o,3.995,2.879,0.954,0.672,1.622
generation,general,pt,cloud,pro_gpu,low,1,low,formal,Gemini,0.999,4.207,0.928,0.762,2.865
generation,finance,pt,cloud,pro_gpu,low,1,medium,formal,Gemini,0.27,5.517,1.402,0.963,2.674
classification,legal,en,local,cpu,high,0,medium,factual,Llama-3-70B,-1.559,0.555,2.493,6.604,4.11
generation,medical,pt,local,cpu,high,0,medium,factual,Deepseek,-1.451,2.586,-1.147,4.527,6.079
generation,legal,en,hybrid,pro_gpu,low,0,low,factual,Gemini,0.335,6.078,4.094,1.589,4.045
generation,general,pt,local,consumer_gpu,medium,0,low,creative,Deepseek,-0.352,1.071,-2.614,2.636,5.754
extraction,technical,en,local,cpu,low,0,low,factual,Llama-3-70B,-2.682,-0.114,-0.374,5.697,5.482
classification,technical,multi,cloud,edge,high,0,low,precise,Claude-2,0.021,0.953,2.531,2.109,1.04
summarization,technical,multi,local,cpu,low,1,high,precise,Llama-3-70B,-0.247,2.154,0.046,3.358,1.469
reasoning,technical,pt,cloud,consumer_gpu,high,0,medium,creative,GPT-4o,3.508,0.975,1.519,0.774,2.182
reasoning,technical,en,cloud,consumer_gpu,medium,0,high,formal,GPT-4o,3.303,1.12,3.014,0.958,0.81
extraction,medical,en,local,consumer_gpu,high,0,low,formal,Llama-3-70B,-0.985,0.552,0.252,5.567,5.469
reasoning,medical,en,cloud,consumer_gpu,high,1,high,formal,Claude-2,2.618,2.328,4.417,1.878,1.611
classification,ecommerce,en,local,cpu,high,0,high,factual,Llama-3-70B,-2.067,-1.003,0.591,6.017,3.706
summarization,ecommerce,multi,cloud,consumer_gpu,high,1,medium,factual,Gemini,2.981,3.965,1.443,0.721,-0.617
generation,general,pt,cloud,cpu,low,0,low,formal,Deepseek,-0.092,2.896,-0.866,1.21,3.41
classification,finance,pt,cloud,consumer_gpu,medium,1,high,precise,Llama-3-70B,1.24,3.107,3.618,3.731,1.126
classification,medical,pt,local,cpu,low,1,low,factual,Llama-3-70B,-2.078,1.738,2.29,5.998,4.107
classification,medical,multi,local,pro_gpu,medium,0,high,precise,Llama-3-70B,-1.498,1.068,3.291,5.304,2.012
extraction,general,multi,cloud,consumer_gpu,low,0,low,formal,Llama-3-70B,0.589,1.931,2.034,2.307,0.959
extraction,finance,pt,cloud,consumer_gpu,high,0,high,factual,Deepseek,1.122,3.231,1.583,3.545,3.643
classification,technical,multi,cloud,consumer_gpu,high,1,low,formal,Llama-3-70B,0.89,1.532,3.233,3.385,0.039
summarization,ecommerce,en,cloud,consumer_gpu,high,1,medium,precise,Gemini,2.726,3.558,1.642,0.843,1.347
extraction,medical,en,cloud,consumer_gpu,high,1,high,formal,Deepseek,0.829,2.389,2.541,3.26,3.421
extraction,ecommerce,pt,cloud,consumer_gpu,high,1,medium,factual,Llama-3-70B,1.063,1.633,0.181,2.894,2.697
reasoning,finance,pt,local,edge,high,0,high,formal,Deepseek,0.064,-0.149,0.004,2.545,5.139
generation,general,en,hybrid,cpu,medium,0,high,precise,Deepseek,-0.054,3.241,0.94,2.926,4.453
extraction,ecommerce,multi,cloud,consumer_gpu,low,0,medium,precise,Gemini,0.864,2.855,2.811,2.547,0.95
summarization,legal,en,cloud,consumer_gpu,low,1,medium,creative,Gemini,3.44,5.528,3.107,0.777,1.663
extraction,finance,multi,hybrid,pro_gpu,high,1,medium,formal,Llama-3-70B,1.062,2.489,2.744,3.91,2.829
reasoning,technical,multi,cloud,edge,high,1,low,factual,Claude-2,1.936,1.152,2.981,0.384,1.127
classification,general,en,cloud,pro_gpu,medium,0,low,creative,Claude-2,1.956,1.208,3.117,2.974,1.816
reasoning,general,en,cloud,consumer_gpu,high,0,medium,formal,Claude-2,2.859,1.171,3.33,1.214,0.854
summarization,general,multi,local,consumer_gpu,medium,0,low,factual,Llama-3-70B,1.072,1.441,-0.186,3.09,1.126
generation,finance,pt,cloud,cpu,high,0,high,factual,Deepseek,-0.032,4.343,0.84,2.058,4.378
generation,general,en,cloud,pro_gpu,low,0,medium,formal,Gemini,0.55,3.961,1.849,0.71,2.831
reasoning,finance,multi,cloud,consumer_gpu,high,0,low,creative,Claude-2,3.603,2.378,4.598,1.428,0.672
generation,finance,en,local,consumer_gpu,low,1,medium,precise,Deepseek,-1.352,3.818,2.464,3.015,4.918
generation,legal,en,cloud,consumer_gpu,medium,0,medium,factual,Gemini,0.982,5.192,2.854,1.799,3.508
extraction,legal,en,cloud,pro_gpu,low,1,low,creative,Gemini,1.589,3.99,3.596,3.395,3.946
classification,technical,pt,cloud,consumer_gpu,low,1,low,precise,Claude-2,0.969,2.575,3.48,2.679,0.886
classification,medical,en,cloud,consumer_gpu,high,0,low,precise,Claude-2,1.094,3.058,5.058,3.478,1.321
extraction,finance,multi,local,cpu,high,0,medium,creative,Llama-3-70B,-0.932,-0.374,-0.881,6.225,5.292
generation,legal,pt,cloud,pro_gpu,high,1,low,factual,Gemini,0.974,5.253,2.022,2.066,3.863
classification,general,en,local,consumer_gpu,high,1,low,creative,Llama-3-70B,-0.121,-0.609,1.208,5.161,3.769
generation,technical,en,cloud,consumer_gpu,high,0,medium,factual,Gemini,0.65,3.622,1.732,0.981,2.917
extraction,ecommerce,pt,cloud,consumer_gpu,medium,0,low,formal,Llama-3-70B,0.811,1.122,-0.763,3.155,2.8
extraction,medical,en,cloud,pro_gpu,low,1,high,precise,Claude-2,0.35,3.907,4.1,3.195,3.103
generation,technical,en,cloud,edge,high,1,low,precise,Deepseek,0.496,3.104,0.779,0.234,4.644
reasoning,general,multi,hybrid,cpu,medium,1,high,formal,Llama-3-70B,2.466,-0.039,2.379,2.779,1.466
classification,technical,en,cloud,consumer_gpu,high,0,medium,formal,Claude-2,0.918,1.142,3.456,2.876,0.693
extraction,legal,en,hybrid,edge,medium,1,high,formal,Deepseek,-0.376,1.643,1.123,3.226,5.887
summarization,technical,pt,cloud,consumer_gpu,low,0,medium,formal,Gemini,2.537,4.085,0.544,0.756,0.31
reasoning,legal,multi,hybrid,edge,medium,0,high,creative,Claude-2,2.565,1.345,3.666,1.48,3.09
summarization,medical,pt,local,pro_gpu,medium,1,medium,factual,Llama-3-70B,1.237,2.964,0.033,3.805,3.647
generation,legal,pt,cloud,cpu,high,1,high,formal,Deepseek,0.556,3.369,0.095,2.153,4.444
extraction,legal,pt,local,consumer_gpu,high,1,low,factual,Llama-3-70B,-0.91,1.651,0.274,5.939,5.857
generation,legal,en,cloud,cpu,low,0,low,factual,Gemini,-0.498,5.231,3.65,1.956,3.792
classification,medical,en,cloud,consumer_gpu,low,0,low,formal,Claude-2,0.416,3.095,5.286,3.382,0.744
reasoning,ecommerce,en,local,pro_gpu,low,1,medium,creative,Deepseek,1.238,0.201,1.749,2.537,3.388
extraction,technical,en,local,consumer_gpu,high,0,high,creative,Deepseek,-0.298,-0.426,-1.334,5.212,5.665
reasoning,finance,pt,hybrid,cpu,high,1,high,creative,Deepseek,3.054,1.788,2.053,3.146,3.428
extraction,finance,multi,local,edge,low,1,medium,factual,Deepseek,-2.379,1.26,1.328,4.212,5.074
generation,medical,en,cloud,consumer_gpu,low,0,medium,factual,Gemini,0.53,6.024,4.058,1.237,3.287
classification,technical,multi,cloud,pro_gpu,high,0,medium,factual,Claude-2,0.952,1.709,3.519,3.235,-0.367
generation,finance,pt,cloud,consumer_gpu,high,0,medium,creative,Deepseek,2.088,4.324,0.924,1.546,4.329
generation,medical,multi,local,pro_gpu,low,0,low,creative,Deepseek,-0.843,3.325,1.676,3.144,4.017
reasoning,technical,en,cloud,pro_gpu,high,0,medium,factual,Claude-2,3.271,1.934,3.727,1.016,1.111
classification,legal,en,cloud,consumer_gpu,low,0,low,formal,Claude-2,0.328,3.506,5.07,3.175,0.688
classification,finance,en,cloud,pro_gpu,medium,1,high,formal,Claude-2,1.301,2.434,4.458,3.374,1.442
classification,legal,pt,cloud,pro_gpu,low,1,medium,factual,Claude-2,0.784,3.702,4.955,3.068,0.759
extraction,general,multi,hybrid,cpu,high,1,medium,factual,Llama-3-70B,-0.015,1.235,0.711,4.369,3.327
reasoning,general,multi,local,cpu,high,1,high,formal,Llama-3-70B,0.268,-1.988,0.243,3.595,2.52
classification,legal,pt,cloud,consumer_gpu,low,0,high,precise,Claude-2,0.712,4.306,4.772,3.352,1.0
generation,general,pt,cloud,edge,low,1,high,formal,Deepseek,-0.736,3.09,-0.083,-0.703,3.928
reasoning,technical,multi,cloud,cpu,medium,1,medium,factual,Claude-2,2.283,0.889,2.704,2.024,0.764
classification,finance,multi,cloud,consumer_gpu,low,1,medium,factual,Claude-2,0.539,4.019,5.89,3.052,-0.279
extraction,legal,multi,cloud,cpu,high,0,medium,precise,Llama-3-70B,0.295,2.4,2.282,4.082,2.967
reasoning,ecommerce,en,cloud,consumer_gpu,high,1,low,factual,Claude-2,3.483,1.691,4.318,1.415,1.58
extraction,technical,multi,cloud,pro_gpu,high,0,high,precise,Llama-3-70B,0.732,1.427,1.67,3.101,1.859
summarization,general,pt,cloud,consumer_gpu,low,0,high,factual,Gemini,2.641,4.651,0.995,0.746,0.307
reasoning,general,en,cloud,pro_gpu,low,0,high,formal,Claude-2,2.826,1.943,4.318,0.636,0.473
generation,medical,pt,cloud,consumer_gpu,medium,0,low,precise,Gemini,0.896,5.132,1.786,1.515,3.381
generation,finance,multi,cloud,edge,low,0,medium,precise,Gemini,-0.533,5.216,2.774,0.092,2.804
reasoning,finance,pt,local,consumer_gpu,high,1,high,precise,Deepseek,0.769,0.863,1.341,3.229,3.358
reasoning,finance,multi,cloud,consumer_gpu,high,1,high,creative,Claude-2,4.091,2.395,4.536,1.58,0.726
summarization,ecommerce,multi,cloud,edge,medium,0,low,precise,Gemini,1.985,2.461,0.99,0.361,0.663
classification,medical,en,local,pro_gpu,high,1,low,creative,Llama-3-70B,-0.205,0.744,2.607,5.901,4.354
generation,technical,en,local,consumer_gpu,low,1,low,precise,Deepseek,-0.767,3.238,1.043,3.005,5.021
reasoning,medical,pt,cloud,cpu,medium,0,low,creative,Deepseek,2.787,1.537,2.216,2.472,3.028
reasoning,ecommerce,pt,local,edge,low,0,medium,factual,Deepseek,-0.815,-0.461,0.185,1.485,4.395
extraction,medical,en,cloud,pro_gpu,high,0,low,creative,Deepseek,1.423,2.601,2.798,3.954,4.119
reasoning,finance,multi,hybrid,cpu,medium,0,high,creative,Claude-2,2.998,1.814,3.739,3.08,2.387
generation,finance,pt,cloud,pro_gpu,high,1,low,precise,Gemini,0.794,5.636,2.025,1.756,4.209
summarization,medical,pt,cloud,consumer_gpu,medium,1,high,creative,Gemini,3.565,4.419,1.398,1.334,2.09
generation,legal,pt,cloud,cpu,high,0,low,precise,Gemini,0.171,4.568,0.942,2.041,4.194
extraction,medical,en,cloud,pro_gpu,medium,0,low,creative,Deepseek,1.579,2.485,2.585,3.584,3.845
generation,ecommerce,en,cloud,cpu,low,1,high,creative,Deepseek,0.613,3.251,1.477,1.389,4.22
classification,finance,pt,cloud,consumer_gpu,high,1,high,precise,Claude-2,1.093,3.469,3.804,3.48,1.954
generation,medical,pt,local,consumer_gpu,high,0,medium,formal,Deepseek,-0.822,2.615,-1.255,3.242,5.559
classification,technical,en,cloud,consumer_gpu,high,1,medium,formal,Llama-3-70B,1.029,0.877,3.028,3.318,1.139
summarization,legal,multi,cloud,consumer_gpu,low,1,medium,factual,Gemini,2.272,6.178,4.039,0.922,-0.583
reasoning,general,pt,cloud,consumer_gpu,medium,0,medium,precise,GPT-4o,2.904,1.449,2.174,0.888,0.414
extraction,ecommerce,pt,cloud,consumer_gpu,high,0,medium,creative,Deepseek,2.111,1.218,-0.575,3.004,3.466
generation,ecommerce,en,cloud,consumer_gpu,high,0,high,formal,Gemini,1.339,3.379,1.031,1.205,3.035
reasoning,finance,pt,cloud,pro_gpu,high,1,medium,precise,Claude-2,2.733,3.118,3.726,1.409,1.456
extraction,technical,pt,cloud,consumer_gpu,high,1,low,factual,Deepseek,1.282,1.984,0.51,3.088,3.157
generation,ecommerce,pt,local,cpu,medium,0,high,creative,Deepseek,-1.357,0.396,-3.721,4.031,6.777
extraction,finance,en,cloud,consumer_gpu,low,0,low,creative,Deepseek,1.14,2.979,3.428,2.987,3.498
summarization,technical,pt,cloud,consumer_gpu,high,1,low,formal,Gemini,3.197,3.606,-0.067,1.115,0.98
generation,medical,multi,local,consumer_gpu,medium,1,low,creative,Deepseek,-0.065,2.757,0.899,3.693,5.102
extraction,ecommerce,en,local,pro_gpu,low,1,high,creative,Deepseek,-0.413,0.163,-0.01,4.463,5.129
classification,technical,multi,local,consumer_gpu,medium,0,low,factual,Llama-3-70B,-0.764,-0.425,1.709,5.01,1.4
extraction,finance,multi,cloud,consumer_gpu,medium,1,high,formal,Llama-3-70B,0.726,2.565,2.488,3.6,1.893
summarization,finance,pt,cloud,consumer_gpu,medium,1,low,precise,Gemini,3.544,5.325,2.342,1.45,1.887
summarization,legal,pt,cloud,cpu,high,1,high,factual,Gemini,2.295,4.241,0.985,2.556,1.857
summarization,general,pt,local,consumer_gpu,medium,1,high,formal,Llama-3-70B,1.101,0.501,-2.693,3.326,2.884
reasoning,ecommerce,en,cloud,consumer_gpu,medium,0,low,factual,Claude-2,2.765,1.66,4.114,0.634,0.79
extraction,general,multi,cloud,pro_gpu,high,1,medium,precise,Llama-3-70B,1.299,2.072,1.679,2.752,1.919
classification,general,multi,cloud,consumer_gpu,high,1,high,creative,Llama-3-70B,2.019,1.136,2.838,2.99,0.168
summarization,technical,multi,cloud,pro_gpu,medium,1,high,creative,GPT-4o,3.766,3.29,1.176,0.785,0.475
extraction,ecommerce,pt,cloud,consumer_gpu,high,0,high,precise,Deepseek,1.063,1.837,0.493,2.778,2.993
extraction,general,en,cloud,cpu,medium,1,high,precise,Llama-3-70B,0.094,0.586,0.969,4.302,3.432
reasoning,medical,en,cloud,cpu,high,1,high,precise,Claude-2,2.194,2.528,4.425,2.277,2.04
classification,technical,en,cloud,consumer_gpu,high,1,high,creative,Llama-3-70B,1.747,0.849,2.562,3.239,1.892
generation,finance,pt,cloud,cpu,medium,1,low,precise,Deepseek,0.51,4.746,1.415,2.645,4.781
generation,medical,pt,local,consumer_gpu,high,0,high,factual,Deepseek,-1.059,3.462,-0.236,3.539,5.246
generation,legal,en,local,cpu,low,0,medium,creative,Deepseek,-1.543,2.534,0.572,3.637,6.287
summarization,ecommerce,pt,local,pro_gpu,medium,1,low,factual,Deepseek,1.725,2.266,-1.116,3.055,3.314
summarization,legal,multi,local,consumer_gpu,high,1,low,creative,Llama-3-70B,1.741,2.661,0.616,4.048,2.921
summarization,finance,en,cloud,consumer_gpu,high,0,medium,factual,Gemini,3.214,5.321,3.661,1.204,1.752
reasoning,medical,pt,cloud,consumer_gpu,medium,1,medium,precise,Claude-2,3.229,3.005,3.901,1.567,1.455
extraction,technical,pt,cloud,consumer_gpu,medium,1,high,precise,Deepseek,0.835,1.556,0.61,3.0,3.156
generation,medical,en,local,consumer_gpu,high,1,medium,formal,Deepseek,-1.158,2.344,0.716,3.23,5.417
extraction,legal,multi,cloud,consumer_gpu,low,1,high,creative,Gemini,1.207,3.522,3.464,3.079,2.339
classification,general,pt,cloud,consumer_gpu,high,1,medium,formal,Llama-3-70B,1.147,0.803,1.443,3.239,1.179
generation,medical,pt,cloud,consumer_gpu,low,0,high,creative,Gemini,0.925,5.57,1.604,1.009,4.08
classification,general,multi,cloud,consumer_gpu,high,0,low,formal,Claude-2,0.81,0.833,3.153,2.691,-0.627
generation,medical,en,local,cpu,medium,1,medium,precise,Deepseek,-1.681,2.273,0.353,4.449,6.384
generation,legal,pt,cloud,cpu,medium,1,low,precise,Deepseek,0.553,4.632,1.274,2.575,4.692
generation,legal,en,cloud,edge,low,1,low,factual,Gemini,-0.299,5.463,3.302,0.293,4.638
classification,legal,multi,local,cpu,high,0,medium,precise,Llama-3-70B,-2.023,0.452,2.443,6.457,2.714
classification,general,pt,cloud,pro_gpu,medium,0,medium,formal,Llama-3-70B,1.082,1.11,1.589,2.835,1.03
classification,general,multi,cloud,cpu,medium,1,high,creative,Llama-3-70B,0.973,0.201,1.783,3.832,1.443
extraction,technical,en,cloud,consumer_gpu,high,0,high,formal,Deepseek,0.928,0.854,1.075,3.062,3.239
classification,finance,multi,local,consumer_gpu,high,1,medium,precise,Llama-3-70B,-1.252,1.346,3.318,5.472,2.068
reasoning,general,multi,hybrid,consumer_gpu,medium,1,low,factual,Claude-2,3.506,2.174,3.771,2.264,0.587
generation,technical,pt,cloud,cpu,medium,0,medium,factual,Deepseek,0.215,2.915,-0.63,2.038,3.783
classification,technical,multi,cloud,cpu,high,1,high,formal,Llama-3-70B,-0.024,0.121,2.236,4.046,0.421
summarization,general,pt,cloud,edge,low,1,medium,creative,Gemini,2.03,3.497,-0.447,-0.245,2.67
extraction,technical,en,cloud,edge,medium,0,low,precise,Deepseek,0.107,0.868,0.944,2.211,4.674
classification,medical,multi,cloud,cpu,high,1,high,formal,Llama-3-70B,0.137,1.586,3.767,4.487,0.755
extraction,legal,pt,cloud,cpu,high,0,medium,creative,Deepseek,1.113,1.991,0.017,4.133,4.972
summarization,technical,multi,cloud,cpu,low,1,low,factual,Gemini,2.062,4.095,2.47,1.685,0.108
extraction,legal,multi,cloud,pro_gpu,low,1,high,formal,Claude-2,0.213,3.237,3.556,2.573,1.703
classification,legal,en,cloud,pro_gpu,high,1,medium,creative,Claude-2,1.668,3.149,4.962,3.464,2.179
extraction,ecommerce,pt,cloud,edge,low,0,high,formal,Deepseek,-0.301,1.341,-0.828,1.143,3.876
generation,general,pt,cloud,pro_gpu,low,1,high,formal,Gemini,0.617,4.099,0.714,0.26,2.037
reasoning,legal,multi,cloud,cpu,high,1,low,creative,Claude-2,3.372,1.834,3.596,2.629,1.959
reasoning,general,pt,cloud,edge,high,1,medium,factual,Deepseek,1.976,0.608,1.168,-0.074,2.23
summarization,legal,pt,local,consumer_gpu,medium,0,low,creative,Deepseek,1.557,2.604,-0.936,3.534,4.001
extraction,legal,multi,cloud,edge,high,1,medium,factual,Deepseek,-0.036,1.765,2.236,2.786,3.205
classification,ecommerce,pt,cloud,edge,low,1,high,formal,Deepseek,-0.617,1.066,1.751,1.41,1.862
reasoning,technical,multi,cloud,cpu,low,0,high,factual,Claude-2,1.306,1.921,4.308,1.355,-0.204
reasoning,legal,pt,local,cpu,high,1,medium,formal,Llama-3-70B,0.264,-0.302,0.037,4.465,4.345
reasoning,medical,en,local,pro_gpu,medium,0,low,creative,Deepseek,1.704,0.305,2.761,3.633,4.089
extraction,legal,pt,local,consumer_gpu,low,0,low,factual,Llama-3-70B,-1.3,2.1,0.544,4.848,4.646
extraction,ecommerce,en,cloud,pro_gpu,medium,0,low,precise,Deepseek,1.094,1.334,1.454,2.585,2.983
summarization,general,pt,local,pro_gpu,medium,0,low,factual,Deepseek,0.97,1.635,-2.009,2.766,3.093
extraction,finance,pt,hybrid,cpu,high,1,low,factual,Deepseek,0.39,2.763,1.023,5.436,5.661
generation,legal,en,local,consumer_gpu,medium,0,medium,formal,Deepseek,-0.883,2.418,0.551,3.452,5.502
classification,technical,multi,cloud,cpu,medium,1,medium,formal,Llama-3-70B,0.135,0.167,2.242,3.601,0.097
generation,legal,en,local,pro_gpu,high,0,high,formal,Deepseek,-1.278,2.18,0.257,3.532,5.321
classification,finance,multi,cloud,edge,high,1,medium,precise,Claude-2,0.103,2.207,3.806,2.631,1.662
classification,technical,en,local,cpu,medium,1,high,formal,Llama-3-70B,-1.999,-1.716,0.029,5.82,3.547
extraction,legal,multi,hybrid,consumer_gpu,low,0,medium,creative,Llama-3-70B,0.841,3.423,3.475,3.72,2.763
reasoning,ecommerce,en,cloud,pro_gpu,low,1,medium,formal,Claude-2,2.42,2.054,3.991,0.537,0.366
classification,ecommerce,pt,local,consumer_gpu,low,0,medium,precise,Llama-3-70B,-1.266,0.465,1.298,4.736,2.596
summarization,technical,pt,cloud,consumer_gpu,low,1,high,creative,Gemini,3.159,3.894,0.707,0.215,1.006
reasoning,finance,pt,hybrid,consumer_gpu,medium,1,high,creative,GPT-4o,3.62,2.748,3.076,2.106,2.938
classification,finance,multi,cloud,cpu,medium,1,high,formal,Llama-3-70B,0.077,1.558,3.896,4.026,1.122
classification,ecommerce,en,local,cpu,high,1,low,creative,Llama-3-70B,-0.634,-1.282,0.407,6.07,4.513
reasoning,medical,en,local,consumer_gpu,low,0,high,formal,Claude-2,0.395,1.599,3.759,2.779,2.927
summarization,medical,pt,cloud,consumer_gpu,high,0,high,formal,Gemini,2.97,4.221,1.118,1.355,1.461
generation,medical,en,cloud,consumer_gpu,low,0,medium,precise,Gemini,0.41,6.042,4.199,0.957,2.926
reasoning,finance,multi,cloud,cpu,high,1,medium,precise,Claude-2,2.054,2.464,4.731,2.328,0.999
classification,legal,en,cloud,consumer_gpu,low,1,low,creative,Claude-2,1.222,3.832,5.581,3.005,1.852
summarization,medical,pt,local,consumer_gpu,low,0,medium,factual,Gemini,0.738,4.39,0.749,2.693,2.961
extraction,legal,en,cloud,consumer_gpu,high,0,medium,formal,Deepseek,1.06,2.535,2.131,3.322,3.487
classification,general,pt,local,consumer_gpu,medium,1,high,precise,Llama-3-70B,-0.893,-0.739,0.168,5.029,3.17
generation,finance,multi,local,consumer_gpu,high,1,medium,precise,Deepseek,-0.861,3.317,1.04,3.118,3.921
extraction,legal,en,cloud,consumer_gpu,medium,1,medium,creative,Deepseek,1.9,2.779,2.642,3.586,4.276
summarization,medical,en,cloud,cpu,low,1,low,formal,Gemini,1.889,4.974,3.334,1.911,2.423
summarization,legal,pt,cloud,edge,high,0,medium,precise,Gemini,1.936,4.465,0.419,0.617,2.853
generation,legal,pt,cloud,cpu,medium,1,low,precise,Gemini,0.217,4.744,1.402,2.431,4.3
reasoning,ecommerce,pt,cloud,cpu,low,1,medium,formal,Claude-2,1.682,1.183,1.81,1.49,1.288
reasoning,medical,pt,cloud,pro_gpu,high,1,high,precise,Claude-2,3.371,3.245,3.631,1.178,1.447
reasoning,medical,multi,local,pro_gpu,high,1,medium,creative,Llama-3-70B,1.633,0.692,2.592,3.264,2.734
reasoning,general,pt,local,cpu,low,1,high,formal,Llama-3-70B,-0.166,-0.494,-0.122,3.452,3.312
reasoning,medical,pt,cloud,consumer_gpu,low,0,medium,formal,Gemini,2.578,3.75,3.733,0.93,0.845
classification,general,multi,local,consumer_gpu,low,1,low,factual,Llama-3-70B,-1.124,1.246,2.881,4.322,1.218
generation,ecommerce,multi,cloud,cpu,high,1,medium,formal,Gemini,0.383,2.308,0.286,1.744,2.044
reasoning,medical,en,cloud,consumer_gpu,medium,1,medium,creative,Claude-2,3.803,2.333,4.937,1.614,2.084
summarization,technical,en,local,consumer_gpu,medium,1,low,factual,Llama-3-70B,1.178,1.981,-0.048,3.523,3.337
reasoning,legal,multi,cloud,cpu,medium,1,high,precise,Claude-2,2.054,2.778,4.41,2.454,0.678
classification,ecommerce,en,cloud,consumer_gpu,medium,1,low,factual,Llama-3-70B,1.373,2.062,3.622,3.703,1.558
extraction,legal,pt,cloud,consumer_gpu,high,1,low,precise,Deepseek,1.221,3.28,2.07,3.817,3.871
extraction,medical,en,cloud,consumer_gpu,low,0,low,precise,Claude-2,0.538,4.301,4.489,3.114,2.79
generation,technical,multi,cloud,consumer_gpu,medium,1,low,factual,Gemini,1.573,4.328,2.63,1.075,1.849
summarization,general,pt,local,consumer_gpu,low,1,high,factual,Llama-3-70B,0.084,2.811,-0.91,2.885,2.345
extraction,finance,en,local,consumer_gpu,high,0,medium,creative,Deepseek,-0.638,0.406,0.105,5.65,5.787
generation,legal,multi,cloud,consumer_gpu,high,0,medium,formal,Gemini,1.006,4.084,2.436,1.829,2.072
classification,medical,en,cloud,edge,medium,0,medium,precise,Claude-2,-0.173,2.194,4.204,2.595,2.727
extraction,technical,pt,cloud,pro_gpu,low,0,high,formal,Deepseek,0.619,1.459,0.374,2.402,2.627
extraction,medical,en,local,consumer_gpu,medium,1,high,precise,Llama-3-70B,-0.995,0.919,1.003,5.54,5.484
classification,ecommerce,multi,cloud,cpu,low,1,medium,factual,Claude-2,-0.416,1.804,4.039,3.196,-0.218
reasoning,medical,pt,cloud,cpu,low,0,high,creative,GPT-4o,2.834,2.415,2.83,1.957,2.364
reasoning,finance,pt,cloud,cpu,low,1,medium,precise,Claude-2,1.636,3.244,3.848,2.12,1.96
generation,legal,en,hybrid,consumer_gpu,medium,0,high,precise,Gemini,1.172,4.917,2.97,1.732,4.138
classification,technical,pt,cloud,pro_gpu,low,0,medium,formal,Llama-3-70B,0.691,2.103,2.456,2.496,0.362
summarization,legal,pt,cloud,pro_gpu,low,0,low,factual,Gemini,2.541,6.353,2.377,1.06,1.186
reasoning,general,pt,cloud,pro_gpu,high,0,medium,creative,GPT-4o,3.617,1.14,2.063,0.979,1.779
generation,general,pt,cloud,cpu,low,0,high,formal,Gemini,-0.448,3.236,-0.208,1.339,3.096
extraction,legal,pt,local,cpu,low,1,high,precise,Llama-3-70B,-2.259,1.692,-0.01,5.992,5.753
generation,legal,multi,local,consumer_gpu,high,0,low,creative,Deepseek,-0.15,2.556,0.31,3.564,4.502
extraction,legal,multi,cloud,consumer_gpu,high,0,high,creative,Llama-3-70B,1.573,2.538,2.559,3.262,2.911
summarization,ecommerce,multi,cloud,consumer_gpu,low,1,high,creative,Gemini,3.314,3.859,1.692,0.471,-0.389
summarization,medical,en,cloud,consumer_gpu,medium,0,medium,creative,Gemini,3.723,4.427,2.099,1.422,2.139
reasoning,general,multi,cloud,pro_gpu,high,1,high,creative,GPT-4o,3.827,0.86,3.336,0.618,0.462
classification,medical,en,cloud,consumer_gpu,high,1,high,factual,Claude-2,0.955,3.372,5.216,3.728,1.423
summarization,ecommerce,en,cloud,pro_gpu,low,0,medium,precise,Gemini,2.28,4.984,2.677,0.544,0.747
summarization,general,multi,cloud,cpu,medium,0,low,formal,Gemini,1.994,2.319,0.082,1.774,0.314
reasoning,finance,multi,cloud,cpu,low,0,medium,formal,Claude-2,1.4,2.544,4.97,1.977,0.287
generation,legal,multi,local,consumer_gpu,low,1,high,factual,Gemini,-1.451,4.141,2.471,2.96,3.546
generation,technical,multi,cloud,pro_gpu,high,1,medium,factual,Gemini,1.229,3.545,2.012,0.694,1.826
extraction,finance,en,cloud,cpu,medium,0,low,precise,Llama-3-70B,0.125,2.351,2.022,4.209,4.092
reasoning,finance,pt,local,cpu,low,0,low,factual,Deepseek,-0.422,1.373,2.092,3.842,3.862
classification,legal,en,local,consumer_gpu,medium,0,low,factual,Llama-3-70B,-1.219,1.024,3.56,5.353,3.831
reasoning,legal,en,local,consumer_gpu,medium,1,high,creative,Deepseek,1.651,0.5,2.714,3.754,4.178
classification,finance,pt,cloud,consumer_gpu,medium,1,medium,creative,Llama-3-70B,1.622,2.489,3.068,3.678,2.201
classification,legal,multi,local,pro_gpu,high,0,medium,factual,Llama-3-70B,-0.876,1.528,3.276,5.562,1.696
summarization,medical,multi,cloud,pro_gpu,high,1,high,factual,Gemini,2.474,5.278,3.181,1.397,0.049
reasoning,ecommerce,pt,cloud,consumer_gpu,medium,1,high,precise,GPT-4o,2.988,1.926,2.217,0.851,1.198
generation,medical,pt,cloud,cpu,medium,1,high,creative,Deepseek,0.857,3.805,0.105,2.17,5.017
generation,finance,pt,cloud,edge,medium,1,low,formal,Deepseek,0.303,3.896,0.246,0.433,5.213
summarization,legal,multi,cloud,cpu,high,0,medium,creative,Gemini,3.059,3.641,1.651,2.497,1.358
generation,legal,pt,cloud,cpu,high,1,high,factual,Gemini,-0.109,4.368,0.803,2.107,4.265
generation,general,multi,cloud,cpu,medium,1,high,factual,Gemini,0.298,2.898,0.961,2.163,2.231
generation,ecommerce,pt,local,cpu,high,0,medium,factual,Deepseek,-1.744,0.798,-2.769,3.683,5.704
extraction,technical,en,cloud,consumer_gpu,medium,0,medium,creative,Deepseek,1.772,1.47,0.857,2.917,3.687
extraction,legal,en,cloud,consumer_gpu,high,1,low,creative,Deepseek,2.079,2.853,3.057,3.315,4.023
extraction,general,multi,cloud,cpu,high,1,medium,formal,Llama-3-70B,0.101,0.419,-0.113,3.198,2.414
generation,general,multi,local,consumer_gpu,medium,1,high,precise,Deepseek,-0.951,1.482,-0.497,2.806,3.522
summarization,finance,en,cloud,consumer_gpu,high,0,low,formal,Gemini,2.875,4.599,1.929,1.329,1.275
extraction,finance,pt,local,pro_gpu,medium,1,high,factual,Deepseek,-1.051,1.092,-0.14,5.128,5.509
extraction,technical,multi,cloud,cpu,medium,0,low,formal,Llama-3-70B,0.312,0.571,0.104,3.865,1.939
generation,finance,en,cloud,pro_gpu,low,0,medium,precise,Gemini,0.022,6.369,4.199,1.236,2.725
generation,technical,pt,cloud,consumer_gpu,medium,0,low,formal,Gemini,1.104,3.374,-0.416,1.055,3.002
summarization,general,pt,local,consumer_gpu,medium,1,medium,creative,Deepseek,1.386,1.271,-2.622,3.101,3.387
summarization,legal,en,cloud,consumer_gpu,medium,0,high,creative,Gemini,3.464,4.787,2.431,1.791,2.184
reasoning,general,pt,hybrid,cpu,high,1,low,factual,Llama-3-70B,2.132,1.378,1.582,3.04,2.905
generation,technical,multi,hybrid,consumer_gpu,high,0,low,creative,Gemini,1.391,3.033,1.439,1.899,2.988
extraction,technical,multi,hybrid,consumer_gpu,high,1,medium,creative,Llama-3-70B,1.915,1.042,1.042,3.582,3.047
summarization,ecommerce,pt,local,consumer_gpu,high,1,high,formal,Llama-3-70B,1.207,0.833,-2.215,2.982,2.822
reasoning,legal,pt,cloud,cpu,medium,1,medium,precise,Claude-2,2.4,2.343,3.052,2.242,2.288
extraction,general,en,cloud,consumer_gpu,low,1,high,factual,Gemini,0.599,2.758,2.301,2.276,2.686
reasoning,technical,pt,hybrid,pro_gpu,low,1,medium,precise,Claude-2,2.474,2.595,2.928,1.084,0.896
generation,general,multi,hybrid,consumer_gpu,high,0,high,formal,Gemini,0.98,2.88,0.807,1.786,2.373
generation,ecommerce,en,cloud,edge,medium,0,high,formal,Deepseek,0.419,1.698,0.232,0.195,4.344
reasoning,finance,pt,hybrid,consumer_gpu,medium,1,low,formal,GPT-4o,3.341,2.708,3.337,2.902,2.721
generation,legal,pt,hybrid,consumer_gpu,high,1,low,precise,Gemini,1.402,5.414,1.703,2.558,4.841
classification,finance,en,local,edge,medium,1,low,formal,Deepseek,-2.005,-0.411,1.825,4.603,5.141
generation,ecommerce,pt,cloud,consumer_gpu,high,1,medium,creative,Deepseek,1.615,2.727,-0.695,1.141,3.439
classification,technical,multi,cloud,consumer_gpu,high,0,low,factual,Claude-2,0.68,1.574,3.846,2.961,-0.593
summarization,technical,en,cloud,cpu,low,0,high,formal,Gemini,1.709,2.851,1.299,1.377,1.218
extraction,technical,en,local,consumer_gpu,medium,0,medium,formal,Llama-3-70B,-0.799,-1.225,-0.774,5.031,4.933
extraction,medical,en,cloud,consumer_gpu,low,1,medium,formal,Claude-2,0.496,3.479,3.744,2.785,2.847
classification,general,multi,local,consumer_gpu,low,1,low,precise,Llama-3-70B,-0.993,0.881,3.18,5.14,1.22
summarization,general,en,local,consumer_gpu,low,0,medium,formal,Deepseek,0.636,1.769,0.151,2.54,2.595
extraction,general,pt,local,consumer_gpu,medium,1,low,formal,Deepseek,-0.829,-1.032,-2.099,4.887,5.237
summarization,legal,en,cloud,consumer_gpu,low,1,low,formal,Gemini,2.988,5.838,4.19,1.505,1.169
generation,technical,multi,cloud,cpu,low,0,medium,precise,Gemini,-0.295,3.891,1.584,1.112,1.688
summarization,ecommerce,en,hybrid,consumer_gpu,high,1,low,creative,GPT-4o,3.593,3.309,1.25,1.765,2.881
reasoning,legal,en,hybrid,consumer_gpu,low,1,high,factual,Claude-2,2.643,4.245,6.135,1.918,1.936
extraction,medical,pt,cloud,cpu,medium,0,medium,precise,Llama-3-70B,0.261,2.235,0.955,4.539,4.181
extraction,technical,multi,local,pro_gpu,low,1,high,factual,Llama-3-70B,-1.08,0.595,0.706,4.366,3.045
generation,finance,multi,cloud,edge,high,0,high,formal,Deepseek,-0.348,3.391,1.282,0.527,3.699
generation,legal,multi,cloud,consumer_gpu,medium,0,low,precise,Gemini,1.129,4.726,3.608,1.559,1.845
extraction,finance,pt,cloud,consumer_gpu,low,1,medium,precise,Gemini,0.531,4.235,2.567,3.04,2.879
reasoning,medical,en,local,pro_gpu,medium,1,medium,formal,Deepseek,0.919,0.363,2.213,3.529,3.617
generation,technical,en,local,cpu,high,1,low,formal,Deepseek,-1.397,0.664,-1.435,3.993,6.268
summarization,general,pt,cloud,consumer_gpu,low,1,medium,creative,Gemini,2.928,3.82,0.307,0.716,1.389
reasoning,general,en,cloud,pro_gpu,medium,1,medium,creative,GPT-4o,3.797,1.214,2.824,1.07,1.675
summarization,general,en,cloud,pro_gpu,low,0,high,precise,Gemini,2.669,4.677,2.623,0.608,0.675
extraction,technical,multi,cloud,edge,low,0,medium,creative,Deepseek,0.066,0.988,0.788,1.0,3.24
summarization,finance,multi,cloud,consumer_gpu,medium,0,medium,precise,Gemini,3.122,5.252,2.81,1.43,-0.444
extraction,general,en,cloud,cpu,high,1,medium,precise,Llama-3-70B,0.474,0.683,1.151,3.989,3.62
extraction,technical,pt,cloud,cpu,high,1,medium,formal,Llama-3-70B,-0.027,0.27,-1.469,3.82,3.703
summarization,general,multi,cloud,pro_gpu,high,0,high,factual,Gemini,2.644,3.254,1.745,0.888,-0.611
classification,finance,en,cloud,edge,medium,0,low,formal,Claude-2,0.139,1.735,3.445,2.432,3.1
summarization,finance,en,cloud,pro_gpu,high,0,low,precise,Gemini,2.729,5.245,3.31,1.636,1.113
reasoning,finance,multi,local,consumer_gpu,high,0,medium,creative,Llama-3-70B,1.548,0.324,2.52,3.596,2.999
generation,ecommerce,pt,cloud,pro_gpu,medium,1,high,factual,Gemini,0.901,3.6,0.43,1.059,3.254
classification,finance,en,local,consumer_gpu,medium,0,low,precise,Llama-3-70B,-0.942,0.969,2.933,5.19,3.632
reasoning,technical,pt,local,pro_gpu,medium,0,medium,factual,Llama-3-70B,1.238,0.07,0.369,3.233,2.884
reasoning,general,en,cloud,edge,high,1,low,factual,Claude-2,2.069,1.17,3.084,0.321,2.877
generation,ecommerce,pt,cloud,edge,high,0,high,factual,Deepseek,0.065,2.957,-0.541,0.109,4.669
reasoning,general,en,local,consumer_gpu,medium,1,medium,creative,Deepseek,1.803,-1.092,1.151,2.721,3.911
extraction,general,pt,local,consumer_gpu,low,1,low,creative,Deepseek,-0.739,0.357,-1.369,4.911,5.493
reasoning,technical,en,cloud,pro_gpu,high,1,high,precise,Claude-2,2.681,1.784,3.584,1.176,1.0
generation,legal,pt,cloud,pro_gpu,high,1,high,creative,Deepseek,1.779,4.308,0.882,1.408,4.371
reasoning,ecommerce,pt,cloud,cpu,low,1,medium,factual,Claude-2,2.035,1.739,2.615,0.866,1.061
extraction,technical,en,cloud,pro_gpu,high,1,high,factual,Llama-3-70B,0.808,1.429,1.383,3.083,2.957
generation,general,pt,cloud,cpu,low,0,low,formal,Gemini,-0.224,3.338,-0.247,1.432,3.286
reasoning,technical,pt,local,consumer_gpu,high,0,low,precise,Deepseek,0.763,-0.088,0.082,2.813,2.964
reasoning,legal,en,cloud,cpu,low,1,medium,factual,Claude-2,1.517,3.317,5.469,1.87,1.62
classification,finance,multi,cloud,consumer_gpu,medium,0,medium,creative,Claude-2,1.602,2.715,4.599,3.915,0.936
classification,technical,multi,cloud,consumer_gpu,medium,1,low,factual,Claude-2,1.529,1.722,4.153,3.289,-0.31
reasoning,finance,multi,cloud,consumer_gpu,high,1,low,creative,Claude-2,4.034,2.989,4.9,1.624,1.148
extraction,general,en,cloud,consumer_gpu,medium,1,medium,creative,Deepseek,1.572,1.043,0.939,2.956,3.853
reasoning,ecommerce,multi,cloud,consumer_gpu,low,0,medium,formal,Claude-2,2.292,2.389,3.636,0.38,-0.926
reasoning,medical,en,cloud,cpu,high,1,high,factual,Claude-2,2.317,2.38,4.389,2.382,2.254
summarization,medical,multi,local,edge,high,1,medium,formal,Deepseek,0.279,1.668,-0.325,2.307,3.484
extraction,legal,en,local,cpu,medium,0,low,formal,Deepseek,-1.86,-0.501,-0.228,6.192,6.431
summarization,ecommerce,en,cloud,consumer_gpu,medium,1,low,formal,Gemini,3.086,3.644,1.121,1.344,1.458
extraction,general,pt,cloud,consumer_gpu,high,0,low,creative,Deepseek,1.586,1.17,-0.746,3.29,3.703
classification,medical,en,cloud,cpu,high,0,medium,precise,Claude-2,0.081,2.34,4.562,4.183,2.15
generation,medical,pt,local,consumer_gpu,low,0,high,creative,Deepseek,-0.844,3.265,0.364,2.887,5.866
reasoning,finance,pt,hybrid,pro_gpu,high,0,high,creative,GPT-4o,3.742,2.303,2.999,2.457,2.962
extraction,general,pt,local,pro_gpu,medium,0,high,precise,Llama-3-70B,-0.761,-0.096,-1.616,4.908,4.784
reasoning,ecommerce,en,local,cpu,high,1,medium,formal,Deepseek,0.077,-1.761,0.309,3.366,3.798
classification,legal,en,hybrid,pro_gpu,low,0,medium,precise,Claude-2,0.532,4.144,6.458,3.884,2.062
generation,ecommerce,pt,cloud,consumer_gpu,medium,1,high,formal,Gemini,0.957,3.187,-0.173,1.262,2.782
summarization,ecommerce,en,local,cpu,medium,1,medium,factual,Llama-3-70B,0.149,0.831,-1.002,3.937,3.632
extraction,technical,en,hybrid,consumer_gpu,low,0,low,precise,Deepseek,0.514,2.296,2.988,3.198,3.311
generation,finance,pt,cloud,consumer_gpu,low,0,high,creative,Gemini,1.138,5.729,1.432,0.997,3.679
extraction,medical,en,cloud,consumer_gpu,high,1,high,precise,Llama-3-70B,0.909,3.545,3.023,3.654,3.571
generation,general,en,hybrid,consumer_gpu,low,1,medium,formal,Gemini,0.752,3.867,1.853,1.519,3.385
extraction,ecommerce,multi,local,consumer_gpu,high,1,low,precise,Llama-3-70B,-1.009,-0.108,0.077,5.468,3.664
classification,general,multi,cloud,pro_gpu,high,0,high,precise,Claude-2,0.417,1.805,3.456,2.597,-1.066
summarization,general,multi,cloud,consumer_gpu,high,0,low,creative,GPT-4o,3.863,3.026,0.955,1.278,0.327
extraction,ecommerce,en,cloud,pro_gpu,high,1,high,creative,Deepseek,2.023,0.721,0.993,2.677,3.654
classification,medical,en,local,consumer_gpu,low,0,medium,precise,Llama-3-70B,-1.55,2.325,4.209,5.125,3.141
extraction,technical,pt,cloud,edge,high,0,medium,precise,Deepseek,0.431,0.637,-0.988,2.049,4.34
generation,technical,multi,cloud,cpu,medium,0,low,precise,Gemini,0.496,2.843,0.787,1.706,2.444
extraction,ecommerce,pt,local,consumer_gpu,low,0,high,factual,Deepseek,-1.532,0.572,-0.467,4.329,4.507
reasoning,general,pt,cloud,pro_gpu,medium,0,medium,creative,GPT-4o,3.83,0.674,1.596,0.789,1.865
generation,technical,multi,cloud,consumer_gpu,medium,1,high,factual,Gemini,0.807,3.839,1.921,1.172,1.55
reasoning,finance,multi,hybrid,consumer_gpu,medium,0,low,formal,Claude-2,2.954,2.385,4.794,2.16,0.593
reasoning,technical,en,cloud,pro_gpu,high,0,high,formal,GPT-4o,3.133,0.841,2.81,0.711,0.903
reasoning,finance,pt,local,edge,medium,0,high,factual,Deepseek,-0.017,0.249,0.89,2.605,4.962
classification,general,en,cloud,cpu,low,0,medium,precise,Claude-2,-0.34,2.002,4.155,3.325,1.206
generation,medical,en,cloud,pro_gpu,low,1,low,precise,Gemini,0.601,6.211,4.633,1.416,3.415
generation,legal,pt,local,consumer_gpu,low,1,low,creative,Deepseek,-0.526,4.081,0.203,3.491,5.992
reasoning,finance,multi,cloud,consumer_gpu,medium,1,medium,formal,Claude-2,2.878,2.619,4.582,1.571,0.016
summarization,ecommerce,multi,cloud,consumer_gpu,medium,0,high,precise,Gemini,2.992,4.178,1.937,1.145,-0.478
classification,ecommerce,multi,local,consumer_gpu,medium,1,high,creative,Llama-3-70B,-0.099,-0.896,1.005,4.939,2.184
reasoning,technical,en,local,pro_gpu,high,0,high,precise,Llama-3-70B,0.366,-0.258,1.602,3.319,3.004
extraction,technical,pt,local,cpu,high,0,high,formal,Llama-3-70B,-2.038,-1.81,-3.509,5.895,5.858
reasoning,ecommerce,pt,cloud,edge,low,0,medium,formal,Deepseek,1.692,0.842,1.507,-0.773,2.14
summarization,technical,multi,cloud,pro_gpu,high,1,medium,creative,GPT-4o,3.804,3.099,1.0,1.083,0.521
reasoning,general,en,cloud,consumer_gpu,high,1,medium,precise,Claude-2,2.943,1.728,3.483,0.826,1.02
classification,general,pt,cloud,consumer_gpu,low,1,low,formal,Claude-2,1.021,2.249,2.753,2.719,0.693
generation,finance,multi,cloud,consumer_gpu,medium,0,low,creative,Gemini,1.759,4.201,2.756,1.367,2.844
generation,finance,pt,cloud,consumer_gpu,medium,1,medium,creative,Gemini,1.446,4.634,1.134,1.577,4.001
classification,legal,pt,local,consumer_gpu,medium,1,low,precise,Llama-3-70B,-0.65,1.263,1.949,6.006,3.959
classification,medical,en,cloud,cpu,low,1,high,formal,Claude-2,-0.297,2.505,4.829,3.804,1.336
classification,medical,multi,hybrid,consumer_gpu,low,0,medium,factual,Claude-2,0.657,4.195,6.44,3.581,-0.335
reasoning,general,multi,cloud,pro_gpu,low,1,high,formal,Claude-2,2.556,2.058,3.662,0.304,-0.449
summarization,ecommerce,en,hybrid,consumer_gpu,low,0,medium,precise,Gemini,2.439,4.846,2.57,0.882,1.266
summarization,general,pt,hybrid,consumer_gpu,high,1,high,factual,Gemini,2.947,3.62,0.177,1.853,1.77
generation,technical,pt,cloud,consumer_gpu,low,0,high,creative,Gemini,0.947,4.097,0.11,0.09,3.348
generation,general,en,local,pro_gpu,high,1,medium,formal,Deepseek,-0.899,0.989,-1.279,2.858,4.947
extraction,ecommerce,en,hybrid,edge,high,1,high,factual,Deepseek,-0.319,0.552,0.83,3.085,5.216
generation,legal,multi,hybrid,consumer_gpu,medium,1,low,formal,Gemini,1.451,4.417,2.932,2.439,3.161
classification,ecommerce,en,cloud,cpu,low,1,high,factual,Claude-2,-0.35,2.164,3.725,3.426,1.244
reasoning,ecommerce,pt,local,consumer_gpu,low,0,high,factual,Llama-3-70B,0.468,0.663,1.031,2.497,2.487
classification,medical,en,local,consumer_gpu,low,0,low,factual,Llama-3-70B,-1.452,2.217,4.36,5.185,2.79
generation,legal,en,cloud,pro_gpu,medium,1,low,creative,Gemini,2.174,4.563,2.918,1.924,4.118
extraction,technical,en,local,cpu,medium,1,low,precise,Llama-3-70B,-1.481,-0.894,-0.952,6.37,5.969
reasoning,technical,multi,local,cpu,high,1,low,precise,Llama-3-70B,0.339,-0.785,1.337,4.072,2.833
extraction,ecommerce,en,cloud,cpu,high,0,low,formal,Deepseek,0.306,-0.236,0.094,3.688,3.896
classification,legal,en,hybrid,pro_gpu,high,1,low,creative,Claude-2,1.475,3.31,4.906,4.63,3.536
extraction,ecommerce,en,local,pro_gpu,low,1,high,creative,Deepseek,-0.331,0.174,0.19,4.526,5.172
generation,finance,en,cloud,consumer_gpu,medium,1,medium,creative,Gemini,1.605,4.335,2.363,1.23,4.185
summarization,general,en,hybrid,consumer_gpu,medium,0,medium,formal,Gemini,2.663,3.038,0.993,1.829,1.696
generation,general,multi,local,edge,low,1,low,formal,Deepseek,-1.585,1.572,-0.949,1.847,4.678
summarization,legal,en,cloud,consumer_gpu,low,0,medium,factual,Gemini,2.297,5.932,4.286,0.864,1.194
classification,ecommerce,multi,hybrid,pro_gpu,low,0,medium,formal,Claude-2,0.699,2.275,3.83,3.395,-0.074
generation,general,en,cloud,cpu,low,1,low,factual,Gemini,-0.095,4.046,2.522,1.645,3.727
extraction,general,pt,hybrid,edge,medium,1,high,creative,Deepseek,0.536,-0.244,-1.614,2.775,5.787
summarization,general,en,cloud,consumer_gpu,medium,0,low,creative,GPT-4o,3.698,2.662,0.776,1.134,1.821
extraction,general,en,local,consumer_gpu,high,1,low,creative,Deepseek,-0.078,-0.904,-0.905,5.225,6.129
reasoning,finance,en,local,pro_gpu,high,0,medium,creative,Deepseek,1.886,0.401,2.269,3.554,4.035
reasoning,ecommerce,en,cloud,cpu,low,0,high,formal,Claude-2,1.596,1.465,3.365,1.332,1.046
extraction,legal,multi,cloud,consumer_gpu,medium,1,low,formal,Llama-3-70B,1.342,3.013,2.725,4.07,2.559
summarization,general,pt,cloud,consumer_gpu,high,1,medium,formal,GPT-4o,3.333,3.061,-0.383,1.283,1.089
summarization,finance,en,local,consumer_gpu,low,0,low,formal,Gemini,0.4,3.41,1.548,2.742,2.971
extraction,ecommerce,pt,cloud,cpu,low,0,low,precise,Llama-3-70B,-0.081,1.462,0.707,3.524,3.208
summarization,technical,en,local,edge,high,1,high,precise,Deepseek,0.109,0.701,-1.054,2.197,4.22
extraction,medical,en,cloud,cpu,low,1,low,creative,Deepseek,0.817,2.959,3.017,3.954,5.15
summarization,technical,pt,cloud,cpu,medium,1,high,factual,Gemini,2.408,2.752,-0.867,1.723,1.887
summarization,finance,pt,local,cpu,low,0,medium,creative,Deepseek,0.448,2.951,-0.642,3.994,4.565
extraction,general,pt,cloud,cpu,high,1,low,creative,Deepseek,0.922,0.461,-0.788,4.09,4.901
summarization,legal,en,cloud,pro_gpu,high,0,medium,formal,Gemini,2.936,4.294,2.475,1.562,1.369
summarization,legal,pt,cloud,consumer_gpu,low,0,high,formal,Gemini,2.453,5.312,2.224,0.941,1.291
reasoning,technical,pt,cloud,cpu,medium,0,medium,precise,GPT-4o,2.506,0.884,1.198,1.383,1.506
summarization,ecommerce,multi,hybrid,pro_gpu,low,0,low,formal,Gemini,2.225,4.276,2.023,1.378,-0.644
summarization,legal,multi,cloud,consumer_gpu,high,1,high,formal,Gemini,2.76,4.677,2.557,1.471,0.113
classification,ecommerce,multi,cloud,consumer_gpu,low,1,low,creative,Claude-2,1.827,2.256,4.314,2.839,0.478
generation,legal,multi,hybrid,pro_gpu,low,0,medium,creative,Gemini,0.78,5.637,3.477,1.913,2.869
summarization,ecommerce,en,local,consumer_gpu,high,1,medium,factual,Llama-3-70B,0.99,1.842,0.323,3.162,2.83
